-- phpMyAdmin SQL Dump
-- version 4.7.9
-- https://www.phpmyadmin.net/
--
-- Host: 127.0.0.1
-- Generation Time: Jun 11, 2019 at 09:17 AM
-- Server version: 10.1.31-MariaDB
-- PHP Version: 7.2.3

SET SQL_MODE = "NO_AUTO_VALUE_ON_ZERO";
SET AUTOCOMMIT = 0;
START TRANSACTION;
SET time_zone = "+00:00";


/*!40101 SET @OLD_CHARACTER_SET_CLIENT=@@CHARACTER_SET_CLIENT */;
/*!40101 SET @OLD_CHARACTER_SET_RESULTS=@@CHARACTER_SET_RESULTS */;
/*!40101 SET @OLD_COLLATION_CONNECTION=@@COLLATION_CONNECTION */;
/*!40101 SET NAMES utf8mb4 */;

--
-- Database: `eapi`
--

-- --------------------------------------------------------

--
-- Table structure for table `migrations`
--

CREATE TABLE `migrations` (
  `id` int(10) UNSIGNED NOT NULL,
  `migration` varchar(191) COLLATE utf8mb4_unicode_ci NOT NULL,
  `batch` int(11) NOT NULL
) ENGINE=InnoDB DEFAULT CHARSET=utf8mb4 COLLATE=utf8mb4_unicode_ci;

--
-- Dumping data for table `migrations`
--

INSERT INTO `migrations` (`id`, `migration`, `batch`) VALUES
(1, '2014_10_12_000000_create_users_table', 1),
(2, '2014_10_12_100000_create_password_resets_table', 1),
(3, '2019_06_11_063131_create_products_table', 1),
(4, '2019_06_11_063220_create_reviews_table', 1);

-- --------------------------------------------------------

--
-- Table structure for table `password_resets`
--

CREATE TABLE `password_resets` (
  `email` varchar(191) COLLATE utf8mb4_unicode_ci NOT NULL,
  `token` varchar(191) COLLATE utf8mb4_unicode_ci NOT NULL,
  `created_at` timestamp NULL DEFAULT NULL
) ENGINE=InnoDB DEFAULT CHARSET=utf8mb4 COLLATE=utf8mb4_unicode_ci;

-- --------------------------------------------------------

--
-- Table structure for table `products`
--

CREATE TABLE `products` (
  `id` int(10) UNSIGNED NOT NULL,
  `name` varchar(191) COLLATE utf8mb4_unicode_ci NOT NULL,
  `detail` text COLLATE utf8mb4_unicode_ci NOT NULL,
  `price` int(11) NOT NULL,
  `stock` int(11) NOT NULL,
  `discount` int(11) NOT NULL,
  `created_at` timestamp NULL DEFAULT NULL,
  `updated_at` timestamp NULL DEFAULT NULL
) ENGINE=InnoDB DEFAULT CHARSET=utf8mb4 COLLATE=utf8mb4_unicode_ci;

--
-- Dumping data for table `products`
--

INSERT INTO `products` (`id`, `name`, `detail`, `price`, `stock`, `discount`, `created_at`, `updated_at`) VALUES
(1, 'minima', 'Voluptatem debitis illum aliquam et cum totam aut. Aut et vitae ut. Voluptates quia dolorum nesciunt laboriosam dolorum ratione. Optio id veniam voluptates voluptatem eveniet itaque facilis.', 354, 2, 12, '2019-06-10 23:15:27', '2019-06-10 23:15:27'),
(2, 'harum', 'Eum delectus velit sunt maxime itaque. Aut molestiae qui sunt rerum aut a. Ducimus at aut ea voluptate. Voluptas vero nisi repellendus recusandae eligendi minus repellendus omnis.', 585, 6, 26, '2019-06-10 23:15:27', '2019-06-10 23:15:27'),
(3, 'libero', 'Rerum vel ut velit in aliquid fugit. Itaque ratione unde tenetur est eaque. Tempora id sed odio quo vel enim id. Quos tempore quod et officia voluptatem.', 251, 0, 30, '2019-06-10 23:15:27', '2019-06-10 23:15:27'),
(4, 'molestiae', 'Animi eveniet beatae perspiciatis beatae assumenda nam molestiae. Sed facilis in molestiae consequuntur autem quasi. Voluptatem blanditiis maiores est eligendi cum officia optio. Accusamus et modi rem modi consequuntur et.', 976, 0, 7, '2019-06-10 23:15:27', '2019-06-10 23:15:27'),
(5, 'ut', 'Accusantium est magni sed consectetur cupiditate. Quidem expedita unde qui quam. Odio eum ut ut quia. Similique dolorem quis sint maiores corporis. Reiciendis odit aut asperiores eaque.', 837, 0, 9, '2019-06-10 23:15:27', '2019-06-10 23:15:27'),
(6, 'omnis', 'Voluptates eaque autem magni aliquid quaerat quisquam. Nobis minus in qui nam. Pariatur expedita rerum maiores ea distinctio voluptatum. Omnis ea et quia qui aut.', 634, 9, 18, '2019-06-10 23:15:27', '2019-06-10 23:15:27'),
(7, 'quia', 'Reprehenderit odit illo dicta. Sit et rerum ex vitae vero ut. Sunt fugiat error accusantium mollitia perferendis dolor est. Eligendi et voluptatem non ducimus beatae nam deserunt dolores.', 245, 2, 4, '2019-06-10 23:15:27', '2019-06-10 23:15:27'),
(8, 'vel', 'Minus iusto maxime nostrum non. Repellat inventore consequatur assumenda ut eos. Voluptatum officia totam iure quaerat.', 403, 6, 22, '2019-06-10 23:15:27', '2019-06-10 23:15:27'),
(9, 'accusamus', 'Ipsum quidem sequi delectus quis molestias qui blanditiis neque. In fugit ut qui officia. Et et quia esse velit voluptatem et. Eaque quae commodi deleniti recusandae neque et illum.', 579, 5, 30, '2019-06-10 23:15:27', '2019-06-10 23:15:27'),
(10, 'et', 'Non quia dicta at delectus voluptatem cumque. Dolores qui aut velit quaerat qui veniam. Quam consectetur est aliquam perferendis placeat. Magnam odio explicabo hic cumque harum similique.', 739, 9, 8, '2019-06-10 23:15:27', '2019-06-10 23:15:27'),
(11, 'et', 'Voluptatibus distinctio eos sed amet esse est perferendis cupiditate. Est accusamus neque neque. Quasi harum necessitatibus nobis eius accusantium quas eligendi. Voluptatem et provident modi aspernatur vel amet. Ea distinctio consequatur quos quo quasi dolorem cumque voluptas.', 644, 6, 5, '2019-06-10 23:15:27', '2019-06-10 23:15:27'),
(12, 'aut', 'Id nisi explicabo beatae voluptas a. Qui et itaque et qui fugit. Harum voluptas sint sunt atque sequi occaecati. Rerum fugiat distinctio praesentium omnis neque ea.', 418, 7, 28, '2019-06-10 23:15:27', '2019-06-10 23:15:27'),
(13, 'qui', 'Dolor id eligendi voluptatem. Aut nesciunt odit provident laboriosam commodi tempore consequatur. Ab enim et quas magni quisquam pariatur. Modi aliquam aut modi rem est officia.', 972, 8, 8, '2019-06-10 23:15:27', '2019-06-10 23:15:27'),
(14, 'quidem', 'Voluptatibus iure dolor suscipit molestiae consequatur asperiores architecto. Nostrum est necessitatibus quia ut consequuntur quo. Officia vitae architecto dolores odit sed doloremque.', 411, 6, 13, '2019-06-10 23:15:27', '2019-06-10 23:15:27'),
(15, 'ipsum', 'Ullam nobis totam quod sint fugiat totam quas. Accusantium velit sequi et sit. Laborum repellat quia rerum provident inventore.', 891, 4, 11, '2019-06-10 23:15:27', '2019-06-10 23:15:27'),
(16, 'aut', 'Ut sit culpa quia ratione sit ipsum et fuga. Mollitia dolore magni nam inventore et voluptates fuga qui. Assumenda ullam eaque laudantium harum.', 716, 0, 24, '2019-06-10 23:15:27', '2019-06-10 23:15:27'),
(17, 'quam', 'Quia quas consequuntur voluptatem nam quia qui eum. Repudiandae quo est ratione harum vitae quaerat.', 328, 0, 30, '2019-06-10 23:15:28', '2019-06-10 23:15:28'),
(18, 'est', 'Et sint tempora ea voluptates. Quisquam quasi molestiae praesentium qui sunt et nesciunt nesciunt. Qui sint rerum et consequuntur minima nam. Ut aut atque deleniti.', 637, 9, 2, '2019-06-10 23:15:28', '2019-06-10 23:15:28'),
(19, 'consequatur', 'Dolorem ipsum qui illum. Doloribus aperiam deleniti qui nihil ea. Id fugiat iusto distinctio pariatur in perspiciatis dolores expedita.', 531, 0, 6, '2019-06-10 23:15:28', '2019-06-10 23:15:28'),
(20, 'consequatur', 'Iste quo ipsa optio explicabo qui ut. Consectetur molestias ea magni ut ut. Ratione inventore accusantium praesentium ut recusandae necessitatibus id. Cumque earum cupiditate sunt error debitis dolorum qui.', 381, 8, 29, '2019-06-10 23:15:28', '2019-06-10 23:15:28'),
(21, 'voluptate', 'Et et rerum similique sunt. Est libero dolores saepe voluptatem. Omnis consectetur aut blanditiis assumenda itaque.', 146, 1, 18, '2019-06-10 23:15:28', '2019-06-10 23:15:28'),
(22, 'ut', 'Inventore in sed asperiores molestiae. Libero ullam dolores iste omnis iure.', 294, 2, 2, '2019-06-10 23:15:28', '2019-06-10 23:15:28'),
(23, 'expedita', 'Dolorem accusantium vel earum repellat provident eaque voluptatem. Harum temporibus et consequatur ut.', 562, 5, 19, '2019-06-10 23:15:28', '2019-06-10 23:15:28'),
(24, 'aliquam', 'Corrupti vel vero nihil consequatur id et et. Et consequatur unde debitis vitae voluptates ipsum eum. Consequatur eum non cumque accusamus nesciunt mollitia. Illum quam quos libero tempora.', 619, 7, 18, '2019-06-10 23:15:28', '2019-06-10 23:15:28'),
(25, 'rerum', 'Error magnam qui ut qui. Culpa inventore eos quibusdam occaecati voluptatem qui. Sit ut est dolorem autem et modi vitae. Distinctio earum dolorem excepturi. Voluptas commodi ut modi exercitationem enim voluptas.', 814, 3, 21, '2019-06-10 23:15:28', '2019-06-10 23:15:28'),
(26, 'mollitia', 'Omnis sunt et cumque qui nam est. Nesciunt facere ea dolor numquam quis sunt. Iure nemo et natus. Quia fugit ab voluptatem earum.', 686, 0, 7, '2019-06-10 23:15:28', '2019-06-10 23:15:28'),
(27, 'sint', 'Atque harum qui molestiae laborum consequatur nesciunt. Sapiente et dolor similique molestiae. Est itaque id quod. Quam eos et et id dignissimos voluptatem quis.', 356, 0, 13, '2019-06-10 23:15:28', '2019-06-10 23:15:28'),
(28, 'et', 'Sed et tenetur deleniti. Omnis blanditiis aut consequuntur ex inventore nihil aut. Et hic provident delectus velit fuga.', 949, 4, 25, '2019-06-10 23:15:28', '2019-06-10 23:15:28'),
(29, 'accusantium', 'Reprehenderit animi quo enim. Ducimus sunt sit sit enim maxime. Nostrum asperiores rerum nihil perspiciatis qui nihil. Et rerum corrupti delectus laboriosam.', 423, 8, 26, '2019-06-10 23:15:28', '2019-06-10 23:15:28'),
(30, 'aut', 'Eveniet distinctio velit omnis autem itaque dolorem sit aspernatur. Possimus voluptas distinctio laudantium ipsum dolores. Et dolore est beatae eius.', 621, 3, 16, '2019-06-10 23:15:28', '2019-06-10 23:15:28'),
(31, 'libero', 'Voluptates et aut maxime atque. Voluptas repudiandae aspernatur dolor quia quis. Dicta in qui dignissimos aut sequi sapiente et nobis.', 632, 0, 7, '2019-06-10 23:15:28', '2019-06-10 23:15:28'),
(32, 'consequatur', 'Enim enim aut repellendus consequatur. Consequatur reprehenderit fugiat esse hic eos ex dolore. Officia consequatur autem eum sit ut nisi dolores.', 769, 3, 28, '2019-06-10 23:15:28', '2019-06-10 23:15:28'),
(33, 'quas', 'Facere eligendi quod soluta debitis. Et quas iste voluptas facere totam. Consequuntur voluptatum et beatae voluptatem deserunt qui debitis. Omnis dolore id maxime officiis dolorem ratione non.', 734, 7, 4, '2019-06-10 23:15:28', '2019-06-10 23:15:28'),
(34, 'necessitatibus', 'Quia saepe minus ut. Autem et blanditiis dolores iure non. Repellendus deleniti assumenda occaecati et eveniet mollitia.', 385, 2, 14, '2019-06-10 23:15:28', '2019-06-10 23:15:28'),
(35, 'earum', 'Voluptas doloribus sit autem unde ea. Earum velit explicabo sed nihil. Nostrum voluptatem asperiores mollitia laborum dolorem magnam repudiandae dolore. Culpa quia ut fugit assumenda eum.', 698, 0, 11, '2019-06-10 23:15:28', '2019-06-10 23:15:28'),
(36, 'ea', 'Laborum optio impedit sapiente. Qui maiores deleniti unde dolorum. Laborum minima tempore ut possimus eos eius odio. Labore fugiat rerum asperiores est porro illo natus.', 499, 5, 22, '2019-06-10 23:15:28', '2019-06-10 23:15:28'),
(37, 'qui', 'Et ut aut vel totam et dolores debitis ullam. Vel eius nostrum itaque exercitationem assumenda consequuntur amet enim. Sunt dolor sed sunt quia nihil hic debitis.', 106, 9, 25, '2019-06-10 23:15:28', '2019-06-10 23:15:28'),
(38, 'sunt', 'Quis repellat sapiente harum. Et quia veniam et neque aut non quia id. Assumenda qui esse omnis quas sapiente voluptas. Quis ipsam nam deserunt exercitationem.', 349, 3, 7, '2019-06-10 23:15:28', '2019-06-10 23:15:28'),
(39, 'ut', 'Porro porro quis ipsam laborum in accusamus aspernatur et. Tempora unde quam optio cupiditate consequuntur. Minima maiores inventore repudiandae.', 741, 4, 29, '2019-06-10 23:15:28', '2019-06-10 23:15:28'),
(40, 'odio', 'Consequatur quia aut distinctio reiciendis cumque eaque. Voluptas blanditiis vel vero perferendis. Unde eos sed aliquid illo.', 316, 3, 8, '2019-06-10 23:15:28', '2019-06-10 23:15:28'),
(41, 'natus', 'Totam debitis repellendus sint non commodi quasi dignissimos. Dolor voluptates labore asperiores et quam omnis et. Aperiam eligendi magnam recusandae ut voluptatem delectus ipsum.', 126, 6, 11, '2019-06-10 23:15:28', '2019-06-10 23:15:28'),
(42, 'hic', 'Quis rem soluta qui sed neque aspernatur non. Ut earum tempore quaerat totam non aut non. Aut facilis voluptatibus quod ut ducimus ut ipsum.', 521, 8, 14, '2019-06-10 23:15:28', '2019-06-10 23:15:28'),
(43, 'explicabo', 'Explicabo et commodi in tenetur dolor minus. Voluptatibus adipisci aut sit eum aut accusantium quo. Voluptas dicta et tenetur corporis ipsum. Culpa et quo voluptatibus veritatis.', 768, 0, 11, '2019-06-10 23:15:28', '2019-06-10 23:15:28'),
(44, 'sit', 'Et suscipit qui eaque quia cupiditate temporibus modi et. Officia corporis et esse at magni. Et dicta in assumenda dolores ipsum. Id excepturi minima doloremque sed odit quo.', 662, 9, 11, '2019-06-10 23:15:28', '2019-06-10 23:15:28'),
(45, 'ut', 'Repellendus autem culpa omnis. Ut culpa amet nulla magni quibusdam laudantium beatae. Culpa eum officiis natus.', 677, 8, 28, '2019-06-10 23:15:28', '2019-06-10 23:15:28'),
(46, 'sint', 'Rerum odit harum quasi commodi quia totam laboriosam quo. Voluptatum quia doloremque quaerat inventore aperiam distinctio. Expedita tempore possimus harum.', 783, 6, 8, '2019-06-10 23:15:28', '2019-06-10 23:15:28'),
(47, 'atque', 'Maiores blanditiis nostrum harum possimus. Dolor voluptatem hic maxime. Neque delectus autem sunt adipisci quidem et in. Corporis rerum facilis explicabo eveniet voluptatem.', 657, 9, 8, '2019-06-10 23:15:28', '2019-06-10 23:15:28'),
(48, 'sed', 'Mollitia labore animi dolor tempora. Suscipit et architecto ratione. Nostrum velit blanditiis rerum adipisci dolore aut autem.', 484, 0, 11, '2019-06-10 23:15:28', '2019-06-10 23:15:28'),
(49, 'perferendis', 'Debitis accusamus odio molestiae et ut pariatur. Deserunt ut labore occaecati iure enim in quibusdam. Ut itaque enim laboriosam quia nemo id eos praesentium. Corrupti ut occaecati temporibus sit accusamus ut eaque.', 218, 3, 15, '2019-06-10 23:15:28', '2019-06-10 23:15:28'),
(50, 'eos', 'Quis sit esse sit ipsam. Itaque consequatur ut magnam veniam. Dolor eos ut dolor qui dolorum autem voluptas dolore.', 796, 6, 12, '2019-06-10 23:15:28', '2019-06-10 23:15:28');

-- --------------------------------------------------------

--
-- Table structure for table `reviews`
--

CREATE TABLE `reviews` (
  `id` int(10) UNSIGNED NOT NULL,
  `product_id` int(10) UNSIGNED NOT NULL,
  `customer` varchar(191) COLLATE utf8mb4_unicode_ci NOT NULL,
  `review` text COLLATE utf8mb4_unicode_ci NOT NULL,
  `star` int(11) NOT NULL,
  `created_at` timestamp NULL DEFAULT NULL,
  `updated_at` timestamp NULL DEFAULT NULL
) ENGINE=InnoDB DEFAULT CHARSET=utf8mb4 COLLATE=utf8mb4_unicode_ci;

--
-- Dumping data for table `reviews`
--

INSERT INTO `reviews` (`id`, `product_id`, `customer`, `review`, `star`, `created_at`, `updated_at`) VALUES
(1, 18, 'Mr. Monserrat Schinner III', 'Aut quia sed et deleniti molestiae. Aliquid corporis voluptatem ea expedita autem inventore reprehenderit. Sed cupiditate repellendus nulla ut dolores velit et. Rerum accusamus veritatis sit sed.', 4, '2019-06-10 23:15:29', '2019-06-10 23:15:29'),
(2, 22, 'Prof. Bill Koch', 'Qui placeat minus velit occaecati aut quam eum itaque. Odio asperiores vel veritatis dolorem vitae est. Qui in atque consequatur. Deleniti voluptatem ex et voluptas nisi. Suscipit sequi velit est harum adipisci.', 0, '2019-06-10 23:15:29', '2019-06-10 23:15:29'),
(3, 49, 'Zola Kemmer', 'Aut beatae ipsum ut. Ullam officiis et temporibus voluptatem. Et odit error explicabo quia.', 4, '2019-06-10 23:15:29', '2019-06-10 23:15:29'),
(4, 46, 'Prof. Aniyah McLaughlin DDS', 'Quasi rem aut commodi eveniet. Sed corporis voluptatem veritatis excepturi culpa laborum doloribus.', 0, '2019-06-10 23:15:29', '2019-06-10 23:15:29'),
(5, 14, 'Miss Alexandria Kris', 'Omnis velit amet ad. Consequatur molestias eaque nemo dolore nulla nesciunt aut. Sequi debitis sapiente consequatur occaecati sint.', 0, '2019-06-10 23:15:29', '2019-06-10 23:15:29'),
(6, 45, 'Simeon Terry', 'Enim id atque laboriosam perspiciatis quibusdam. Architecto alias dolor assumenda quia perferendis aut eum.', 3, '2019-06-10 23:15:29', '2019-06-10 23:15:29'),
(7, 13, 'Krystina Ledner Jr.', 'Praesentium et in doloribus asperiores nihil. Tenetur quas laudantium odio et. Voluptate minima ducimus accusantium quis. Eos magnam quia qui ipsum.', 4, '2019-06-10 23:15:29', '2019-06-10 23:15:29'),
(8, 44, 'Landen Morissette', 'Officia iusto laudantium et. Est itaque qui beatae omnis. Odit asperiores dolor voluptas dicta quo. Voluptatem architecto fugiat qui ut sed.', 3, '2019-06-10 23:15:29', '2019-06-10 23:15:29'),
(9, 20, 'Jimmy Quitzon PhD', 'Autem praesentium voluptatem perferendis omnis. Quia necessitatibus laboriosam ducimus earum. Sint qui ab eveniet enim corrupti.', 1, '2019-06-10 23:15:29', '2019-06-10 23:15:29'),
(10, 13, 'Janie Schultz', 'Iusto mollitia provident qui placeat. At nihil explicabo aut porro veritatis eligendi. Ullam repudiandae dolorem non reprehenderit. Vel in et ratione voluptas. Porro perspiciatis et commodi quia.', 3, '2019-06-10 23:15:29', '2019-06-10 23:15:29'),
(11, 14, 'Kennedy Padberg', 'Cum recusandae deleniti voluptatem ratione accusantium doloremque veritatis. Explicabo asperiores et ipsa et. Aut ut id accusantium ullam. Quia unde ducimus minus quas dolorem eos occaecati placeat.', 4, '2019-06-10 23:15:29', '2019-06-10 23:15:29'),
(12, 6, 'Fausto Gibson', 'Repellendus praesentium qui occaecati nemo dolor. Rerum neque eos et consequatur maiores.', 0, '2019-06-10 23:15:29', '2019-06-10 23:15:29'),
(13, 13, 'Rae Nolan', 'Animi eum facere fuga voluptatem asperiores. Amet voluptatem eum et maiores ratione dolorum architecto. Neque laboriosam repellendus voluptas et voluptatibus. Dolorum est porro maxime dolores et voluptas animi dolore.', 1, '2019-06-10 23:15:29', '2019-06-10 23:15:29'),
(14, 5, 'Dangelo Nikolaus', 'Vel quis autem consectetur impedit id. In aspernatur ea deleniti recusandae cumque eligendi est sunt.', 5, '2019-06-10 23:15:29', '2019-06-10 23:15:29'),
(15, 12, 'Mrs. Birdie Schaden', 'Tenetur esse est aut corporis. Repudiandae fuga consequatur dolore ut. Numquam praesentium quibusdam minima velit incidunt soluta deserunt voluptatem.', 3, '2019-06-10 23:15:29', '2019-06-10 23:15:29'),
(16, 1, 'Lucie Weissnat DDS', 'Ut et quia illo molestiae ab temporibus eos. Ut tenetur accusantium et vitae culpa deserunt. Exercitationem aut eum dignissimos est quod reprehenderit.', 5, '2019-06-10 23:15:29', '2019-06-10 23:15:29'),
(17, 43, 'Prof. Wilfred Thompson MD', 'Aut suscipit fugiat neque iste. Molestias et cumque et rem. Non consequatur laboriosam eos sint.', 3, '2019-06-10 23:15:29', '2019-06-10 23:15:29'),
(18, 21, 'Olaf Bashirian', 'Necessitatibus laborum excepturi quasi ut. Ut sed commodi veniam ab eveniet. Vel voluptatem quas debitis doloremque harum. Iusto numquam ea sint sint. Tenetur dolores est eos.', 2, '2019-06-10 23:15:29', '2019-06-10 23:15:29'),
(19, 8, 'Prof. Mohamed Oberbrunner', 'Cumque est ipsam quidem fugiat esse modi minima. Et ut incidunt pariatur dicta beatae nostrum temporibus. Aut sunt sunt corporis laborum ipsa non suscipit.', 2, '2019-06-10 23:15:29', '2019-06-10 23:15:29'),
(20, 16, 'Clarabelle Bahringer', 'Error nam aut enim et occaecati. Ut est eveniet aspernatur ipsam molestias autem. Voluptas nulla molestias voluptatem reprehenderit qui maxime.', 2, '2019-06-10 23:15:30', '2019-06-10 23:15:30'),
(21, 24, 'Mrs. Lori Romaguera', 'Laudantium aspernatur voluptatum et. Totam autem quia culpa consectetur.', 1, '2019-06-10 23:15:30', '2019-06-10 23:15:30'),
(22, 39, 'Prof. Hazel Dare II', 'Dolorum aut beatae enim qui rem. Ex debitis assumenda sint rerum minus possimus. Dignissimos est fuga enim voluptatibus quisquam aut. Illum accusamus rerum rerum cupiditate. Architecto et voluptas impedit maxime dignissimos harum.', 3, '2019-06-10 23:15:30', '2019-06-10 23:15:30'),
(23, 42, 'Prof. Johanna Mosciski', 'Laboriosam omnis impedit numquam qui quisquam quidem. Natus a dolorem consectetur sed est. Autem deleniti ducimus fugiat totam corrupti eum sit. Qui dolorem et ipsa ea.', 3, '2019-06-10 23:15:30', '2019-06-10 23:15:30'),
(24, 41, 'Zachery Hodkiewicz', 'Voluptatem consectetur incidunt suscipit. Laboriosam eius est dolore doloremque. Enim cumque dignissimos velit sequi. Sequi voluptatem et dolores fuga.', 0, '2019-06-10 23:15:30', '2019-06-10 23:15:30'),
(25, 48, 'Dr. Kelsi Glover', 'Odit eos ea dolore eligendi maiores corporis. Sed voluptatem omnis consequuntur et doloremque. Et accusamus aut dolor aut illo corporis. Exercitationem repudiandae itaque earum ut.', 3, '2019-06-10 23:15:30', '2019-06-10 23:15:30'),
(26, 31, 'Giovanny Rosenbaum', 'Delectus vel vel amet velit nihil. Qui sunt ullam eum doloribus in qui. Voluptates autem saepe iusto provident. Sint saepe enim sint commodi nihil.', 2, '2019-06-10 23:15:30', '2019-06-10 23:15:30'),
(27, 39, 'Alycia Maggio', 'Molestiae dolorem et officiis consequatur quod quis. Consequatur dolorem sit eaque sed velit dolorem. Sint totam minus aut ut.', 1, '2019-06-10 23:15:30', '2019-06-10 23:15:30'),
(28, 9, 'Cornell Jaskolski', 'Nam voluptas maiores qui libero. Sint et distinctio deleniti repudiandae et. Rerum expedita natus tempora eius praesentium earum.', 2, '2019-06-10 23:15:30', '2019-06-10 23:15:30'),
(29, 43, 'Mr. Vernon Keebler', 'Incidunt placeat nisi molestias est ea tempore. Provident dolores molestiae saepe autem. Consequatur aut nam suscipit est. Velit autem possimus minima eveniet fuga quo.', 0, '2019-06-10 23:15:30', '2019-06-10 23:15:30'),
(30, 19, 'Miss June Hill DVM', 'Assumenda eos nisi quaerat esse fugit qui at. Quidem nihil omnis debitis minus iure debitis placeat. Alias voluptas doloremque dolores iure rerum odit quaerat. Qui est eum quia in.', 4, '2019-06-10 23:15:30', '2019-06-10 23:15:30'),
(31, 15, 'Trisha Sanford', 'Quia iure modi enim ut odio ex. Provident quis eum ab possimus quo. Dolor sed eaque natus saepe.', 4, '2019-06-10 23:15:30', '2019-06-10 23:15:30'),
(32, 28, 'Mr. Leopold Rempel', 'Dolorem dolor sit alias veritatis eos. Sunt repudiandae qui atque et.', 0, '2019-06-10 23:15:30', '2019-06-10 23:15:30'),
(33, 2, 'Garret Will', 'Quas maiores et fuga illo dolor. Ullam exercitationem recusandae totam ut. Quia officiis cumque adipisci ea consequatur quis neque. Cum culpa adipisci eum eum iure velit.', 5, '2019-06-10 23:15:30', '2019-06-10 23:15:30'),
(34, 45, 'Prof. Uriel Muller', 'Velit rem fugit commodi fugiat id quia. Repellat dolorem autem quaerat dolores. Vel amet harum et est vitae asperiores voluptatem et.', 1, '2019-06-10 23:15:30', '2019-06-10 23:15:30'),
(35, 6, 'Gudrun Renner IV', 'Quis minima optio sapiente distinctio accusantium temporibus inventore. Sed nihil ipsum eaque et molestiae. Numquam nostrum inventore provident animi.', 1, '2019-06-10 23:15:30', '2019-06-10 23:15:30'),
(36, 28, 'Jude White', 'Pariatur dicta vitae autem omnis. Atque et vel in sequi occaecati voluptate natus odio. A placeat provident cupiditate ab odio consequuntur enim.', 0, '2019-06-10 23:15:30', '2019-06-10 23:15:30'),
(37, 49, 'Stone Bernhard', 'Temporibus velit occaecati a aut temporibus cumque perspiciatis. Sequi qui autem est consectetur asperiores numquam. Et temporibus praesentium quibusdam qui quos expedita beatae quia.', 4, '2019-06-10 23:15:30', '2019-06-10 23:15:30'),
(38, 2, 'Benny Sawayn', 'Voluptatem numquam voluptas odio. Distinctio adipisci atque culpa nihil non facilis. Non eum deleniti sunt dolores voluptas nemo.', 5, '2019-06-10 23:15:30', '2019-06-10 23:15:30'),
(39, 1, 'Josefa Durgan', 'Qui a minus necessitatibus est iste recusandae. Molestiae quis et ut rerum. Inventore velit quia aperiam accusamus quia molestiae eaque. Porro sed voluptas quas repellat.', 0, '2019-06-10 23:15:30', '2019-06-10 23:15:30'),
(40, 11, 'Mr. Stevie Gaylord', 'Vel enim a corporis laudantium aperiam consequuntur ullam. Pariatur omnis consectetur porro voluptatum. Fugit dolores hic qui dignissimos autem eum ipsum dicta.', 5, '2019-06-10 23:15:30', '2019-06-10 23:15:30'),
(41, 40, 'Lillian Abshire', 'Sunt et aut dolorem fugiat non. Consequatur eos temporibus modi provident earum. Adipisci ipsam eum sint nam laboriosam. Atque explicabo similique ut ut.', 0, '2019-06-10 23:15:30', '2019-06-10 23:15:30'),
(42, 18, 'Aliya Hoppe', 'Repellat delectus voluptatem debitis consequatur vel. Corporis rem sint quam iusto iusto accusantium odit. In maxime ad debitis et aut asperiores. Enim et dolor facere.', 3, '2019-06-10 23:15:30', '2019-06-10 23:15:30'),
(43, 36, 'Mrs. Everette Greenholt', 'Eligendi quaerat eum dolores odio quia. Nostrum omnis eum vel atque mollitia. Blanditiis ab pariatur ut magnam vel molestiae.', 0, '2019-06-10 23:15:30', '2019-06-10 23:15:30'),
(44, 37, 'Dr. Jameson McLaughlin', 'Velit adipisci est qui deleniti nulla excepturi omnis quos. Molestias magni praesentium accusamus aut. Maxime veniam quaerat debitis ex odio fugit.', 0, '2019-06-10 23:15:30', '2019-06-10 23:15:30'),
(45, 4, 'Aditya Stamm', 'Enim ipsum cupiditate qui consectetur asperiores est. Quaerat et in soluta neque. Quis sit facere quod odio omnis.', 2, '2019-06-10 23:15:30', '2019-06-10 23:15:30'),
(46, 16, 'Kobe Sawayn', 'Dolorum voluptatem et ut. Et pariatur rerum suscipit sed asperiores ut. Error qui sunt expedita aliquid quas aspernatur reiciendis recusandae. Tenetur dolore et enim et assumenda.', 4, '2019-06-10 23:15:30', '2019-06-10 23:15:30'),
(47, 26, 'Alycia Lemke', 'Distinctio quisquam laborum qui quod voluptate voluptatibus aut et. Iste quaerat laboriosam quia dolorem. Consequatur reiciendis dolore dolorem vel.', 3, '2019-06-10 23:15:30', '2019-06-10 23:15:30'),
(48, 24, 'Dr. George Moore', 'Aut error dicta quo molestias sit. Est amet quos non ipsa ipsum tenetur sed. Expedita magni optio cumque et. Accusamus expedita odio pariatur quia inventore esse ut.', 0, '2019-06-10 23:15:30', '2019-06-10 23:15:30'),
(49, 23, 'Frida Schultz I', 'Pariatur in occaecati quas placeat. Est sed quia rerum itaque et eum officiis assumenda.', 5, '2019-06-10 23:15:30', '2019-06-10 23:15:30'),
(50, 37, 'Candelario Kiehn', 'Explicabo quia et rerum minima eos. Dolor eos laboriosam nisi aut occaecati. Repellat sapiente id facere. Quia aliquid autem impedit nulla.', 4, '2019-06-10 23:15:30', '2019-06-10 23:15:30'),
(51, 33, 'Theron Lemke', 'Eum rerum aut modi ipsum. Nobis perspiciatis consequuntur nisi repudiandae. Temporibus ad dolores esse nostrum.', 3, '2019-06-10 23:15:30', '2019-06-10 23:15:30'),
(52, 36, 'Dr. Louisa Hackett', 'Saepe natus cumque dolor aut ut. Dolor corrupti dolorem nihil dicta. Voluptas odit eum commodi et quo tempora molestiae. Eius ipsum suscipit et omnis.', 5, '2019-06-10 23:15:30', '2019-06-10 23:15:30'),
(53, 44, 'Zoie Mante', 'Inventore eum voluptatibus quos placeat laudantium id quo non. Explicabo voluptatem ipsum aliquid consequatur deleniti et placeat. Sit omnis vitae ex omnis quia tempore. Accusantium ducimus in laudantium cumque qui voluptatibus dolore.', 5, '2019-06-10 23:15:31', '2019-06-10 23:15:31'),
(54, 9, 'Dasia Botsford', 'Ipsa sed voluptatum sed nobis itaque. Vel qui qui nesciunt dolor ipsum. Perspiciatis ad in repellat sequi autem id.', 2, '2019-06-10 23:15:31', '2019-06-10 23:15:31'),
(55, 10, 'Quinten Schaefer', 'Maxime porro asperiores ut. Voluptate vel labore excepturi sit error tempora temporibus. Omnis velit temporibus itaque magnam ut perferendis vitae. Aliquam fugit earum molestiae culpa in.', 2, '2019-06-10 23:15:31', '2019-06-10 23:15:31'),
(56, 12, 'Toby Harris', 'Qui rerum dolores fugiat voluptatem. Exercitationem recusandae esse maxime labore exercitationem mollitia. Maiores temporibus voluptas non qui rem expedita. Porro magnam ut architecto optio cupiditate officia.', 3, '2019-06-10 23:15:31', '2019-06-10 23:15:31'),
(57, 15, 'Dr. Jarred Hansen', 'Voluptatem odit dicta non quod magni dolore vero. Aut ratione cupiditate placeat eligendi veritatis harum recusandae. Vel id officia qui voluptas repudiandae. Molestias repellat est rerum et similique est ad.', 4, '2019-06-10 23:15:31', '2019-06-10 23:15:31'),
(58, 42, 'Dr. Baby Hyatt Jr.', 'Unde asperiores nihil dolorem praesentium architecto laudantium. Sed sequi dolorem cumque cumque qui unde impedit. Nisi eius necessitatibus ducimus repellendus voluptate beatae vero exercitationem. Natus voluptates illum tenetur consequatur ut sint non.', 4, '2019-06-10 23:15:31', '2019-06-10 23:15:31'),
(59, 50, 'Moses Johns', 'Asperiores maiores quidem repellat voluptatem magni. Quasi cumque ea est et earum nulla itaque laudantium. Aliquam velit temporibus reiciendis perspiciatis eos non at. A ipsam esse commodi.', 1, '2019-06-10 23:15:31', '2019-06-10 23:15:31'),
(60, 1, 'Vince Waters', 'Perferendis ut facilis quia. Dolores aut non enim praesentium fugiat. Voluptas possimus beatae quis.', 2, '2019-06-10 23:15:31', '2019-06-10 23:15:31'),
(61, 14, 'Rocio Bins V', 'Libero aut aut et rerum ducimus. Soluta et nihil sapiente veniam molestiae. Temporibus odio possimus reiciendis ratione sed.', 4, '2019-06-10 23:15:31', '2019-06-10 23:15:31'),
(62, 42, 'Pete Oberbrunner', 'Inventore veritatis quas pariatur vel omnis sint sit. Et non quo molestiae autem. Quia dolores sunt non hic consequatur et.', 1, '2019-06-10 23:15:31', '2019-06-10 23:15:31'),
(63, 16, 'Easton Bednar', 'Aut nisi inventore velit deleniti sit laboriosam. Voluptatem dolor porro rerum voluptatem minima voluptatibus. Omnis aut dolorem fugiat modi consequatur fuga. Molestiae tempore dolores consequuntur provident vel et et.', 3, '2019-06-10 23:15:31', '2019-06-10 23:15:31'),
(64, 22, 'Reuben West MD', 'Facilis quibusdam non debitis quaerat quae ex. Commodi qui dolores illum maiores explicabo. Sit voluptatem recusandae qui. Harum sint vel fugiat consequatur pariatur ab deserunt alias.', 0, '2019-06-10 23:15:31', '2019-06-10 23:15:31'),
(65, 50, 'Donnell McDermott', 'Rerum minima sint itaque saepe dolorem tempora reprehenderit. Et tenetur ipsum unde doloremque quo atque possimus. Ipsam voluptas omnis qui. Assumenda debitis distinctio iste eos aut doloribus.', 0, '2019-06-10 23:15:31', '2019-06-10 23:15:31'),
(66, 7, 'Mrs. Lorna Lang V', 'Nostrum et sit aut sunt. Necessitatibus possimus itaque aut.', 5, '2019-06-10 23:15:31', '2019-06-10 23:15:31'),
(67, 47, 'Mackenzie Friesen', 'Sit molestias nesciunt animi commodi repellendus voluptas molestiae et. Fugit eaque ut tempora sunt consectetur. Esse nulla laudantium laborum quia eveniet. Minus debitis earum sit. Qui est commodi dolorem sit.', 3, '2019-06-10 23:15:31', '2019-06-10 23:15:31'),
(68, 9, 'Elijah Breitenberg', 'Et itaque maxime consectetur ipsum veritatis doloremque. Iure quia et autem nihil et autem. Minima fugit animi cumque ea accusamus nobis. Dignissimos voluptate repudiandae esse.', 5, '2019-06-10 23:15:31', '2019-06-10 23:15:31'),
(69, 45, 'Nelle Kautzer', 'Ipsam aliquam similique rerum. Aut unde non odio blanditiis dignissimos sequi omnis.', 0, '2019-06-10 23:15:31', '2019-06-10 23:15:31'),
(70, 34, 'Dr. Dusty Ullrich', 'Soluta sed laborum et ducimus quidem non hic ipsam. Sed autem consequatur est iste. Dolores et ut ea est.', 4, '2019-06-10 23:15:31', '2019-06-10 23:15:31'),
(71, 25, 'Mr. Nash Langworth', 'Cum vitae sit tenetur cumque. Ducimus non qui qui et. Omnis non placeat vel aliquam rerum autem. Et est sapiente vel molestias veritatis illo vero mollitia.', 5, '2019-06-10 23:15:31', '2019-06-10 23:15:31'),
(72, 43, 'Casper Schoen Sr.', 'Aut minus nihil optio culpa dicta. Non vitae incidunt omnis distinctio. Officia sunt maxime eos id. Sit culpa aliquid nam doloribus vel atque vitae optio.', 2, '2019-06-10 23:15:31', '2019-06-10 23:15:31'),
(73, 39, 'Melyssa Torp', 'Reiciendis maxime doloribus et enim voluptatem qui quis. Nihil vel voluptate eum numquam. Tempora et aut non.', 3, '2019-06-10 23:15:31', '2019-06-10 23:15:31'),
(74, 25, 'Jolie Rodriguez', 'Ducimus rem odit omnis. Eum incidunt tempora quam aut est iure eos eius. Accusamus nobis et quia qui adipisci voluptate qui. Nostrum ut ad laboriosam voluptatem aliquid dolorum vel. Nostrum tenetur velit aut et aliquid veniam cupiditate.', 4, '2019-06-10 23:15:31', '2019-06-10 23:15:31'),
(75, 33, 'Prof. Chanelle Heaney IV', 'Dicta et consequuntur qui et tempore modi doloribus est. Commodi natus id et maiores ut voluptatem. Numquam quaerat similique aut voluptas ut et dignissimos. Quia quas maxime natus at repellendus veniam quasi dolorum.', 2, '2019-06-10 23:15:31', '2019-06-10 23:15:31'),
(76, 49, 'Ms. Jana Legros', 'Maiores incidunt suscipit illo commodi culpa ipsum illo. Eveniet est expedita voluptas voluptatem dolorum sunt. Non recusandae quae totam optio voluptate. Ut molestiae quisquam quidem voluptatem aspernatur.', 0, '2019-06-10 23:15:31', '2019-06-10 23:15:31'),
(77, 13, 'Mrs. Marion Gerhold', 'Sit et nisi voluptates eius. Tenetur error nihil saepe voluptatem quia aut omnis. Mollitia facilis quia ut placeat rerum. Qui nihil enim molestiae in velit dolorem mollitia.', 0, '2019-06-10 23:15:31', '2019-06-10 23:15:31'),
(78, 12, 'Barbara Sawayn', 'Nihil similique est blanditiis labore. Dolorem dolores molestias voluptatem aut molestias sunt tempora. Ea eveniet quisquam sint. Quisquam architecto expedita nihil enim voluptas reiciendis.', 0, '2019-06-10 23:15:31', '2019-06-10 23:15:31'),
(79, 39, 'Alvera Dietrich III', 'Laborum qui cumque libero similique voluptate laborum qui. Omnis aut porro dolorem molestiae. Ipsam dolorem corrupti aspernatur voluptatem deleniti.', 0, '2019-06-10 23:15:31', '2019-06-10 23:15:31'),
(80, 50, 'Woodrow Jacobi', 'Autem est ea praesentium deleniti quisquam aut qui. Et ut vel fuga dolore. Aliquam aut rerum molestiae ipsum totam.', 0, '2019-06-10 23:15:31', '2019-06-10 23:15:31'),
(81, 7, 'Prof. Christian Rau', 'Nesciunt sit officia itaque nostrum ut. Unde doloribus sunt odit qui ut ullam.', 2, '2019-06-10 23:15:31', '2019-06-10 23:15:31'),
(82, 6, 'Mrs. Nayeli Sipes Sr.', 'In facere non hic fuga vel. Accusamus labore necessitatibus impedit maiores ab ex.', 1, '2019-06-10 23:15:31', '2019-06-10 23:15:31'),
(83, 31, 'Mrs. Elaina Zboncak', 'Ut aut quia facere qui provident odio harum. Labore molestiae laudantium omnis voluptatem aut. Iusto et qui eius et.', 5, '2019-06-10 23:15:31', '2019-06-10 23:15:31'),
(84, 30, 'Bridgette Schaden', 'Recusandae quas rerum ut. Sit possimus et ipsam in accusamus enim. Rerum non dolorum magni eius illum. Quasi aut cupiditate ipsa accusantium tempora rerum tempore.', 4, '2019-06-10 23:15:31', '2019-06-10 23:15:31'),
(85, 1, 'Annalise McDermott PhD', 'Reiciendis minima qui reiciendis facere ut qui itaque. Sint perferendis sunt officiis quo aut architecto. Magnam dolorem quae blanditiis sequi sit. Exercitationem eligendi neque aliquam amet.', 3, '2019-06-10 23:15:31', '2019-06-10 23:15:31'),
(86, 46, 'Kayli Pouros', 'Amet sit facilis praesentium labore id a hic autem. Alias qui earum adipisci. Quidem sunt illum laborum autem rerum rerum. Dicta explicabo et error vero excepturi ea qui culpa.', 1, '2019-06-10 23:15:31', '2019-06-10 23:15:31'),
(87, 13, 'Rosemary Hamill', 'Vel iure saepe sunt animi ipsum. Sit possimus sed repellendus quaerat expedita saepe eius. Rerum eos sint velit molestias. Vel cum ut itaque maiores quis tenetur repellat.', 1, '2019-06-10 23:15:31', '2019-06-10 23:15:31'),
(88, 44, 'Ms. Laurie Hegmann', 'Error in iste dolorum cumque numquam et aut illum. Nihil consequuntur voluptates voluptatibus iusto rerum. Perferendis error rerum eum ea deserunt. Similique omnis recusandae ratione odio dolorum est illum. Quaerat eaque fuga neque sit.', 5, '2019-06-10 23:15:31', '2019-06-10 23:15:31'),
(89, 3, 'Mrs. Nakia Hammes', 'Aperiam culpa et voluptas voluptas autem ut molestiae. Autem tenetur tempore qui autem rerum voluptatem aut. Voluptas rem dolorum voluptas distinctio eligendi voluptate quisquam qui.', 5, '2019-06-10 23:15:31', '2019-06-10 23:15:31'),
(90, 3, 'Daisy Volkman', 'In dolorem repellendus dolorem blanditiis culpa ut. Nobis qui et pariatur necessitatibus omnis nisi saepe. Quisquam id dolorum magnam et enim veritatis asperiores et.', 1, '2019-06-10 23:15:31', '2019-06-10 23:15:31'),
(91, 19, 'Ben Bernhard', 'Et aut vitae dolores molestiae numquam libero. In dolor non voluptatem voluptatem nemo. Voluptates aut aspernatur minus blanditiis aut blanditiis modi.', 2, '2019-06-10 23:15:31', '2019-06-10 23:15:31'),
(92, 40, 'Erick Carter Sr.', 'Vel alias et animi consequatur repellendus recusandae et. Consectetur illo animi et. Qui a qui molestiae dolor.', 0, '2019-06-10 23:15:31', '2019-06-10 23:15:31'),
(93, 8, 'Tremaine Botsford II', 'Quidem impedit cupiditate sint. Nesciunt rerum at non. Et consequatur quis corrupti quae illo rerum. Officiis temporibus et consequatur enim. Adipisci laudantium dicta quia voluptatibus sed eaque.', 5, '2019-06-10 23:15:31', '2019-06-10 23:15:31'),
(94, 35, 'Ricky Runolfsdottir', 'Ex qui omnis autem sint rem. Nulla est numquam dolorem quia itaque. Ut veniam nihil placeat necessitatibus consequuntur. Autem cumque sed provident maiores temporibus voluptas omnis.', 4, '2019-06-10 23:15:31', '2019-06-10 23:15:31'),
(95, 17, 'Mrs. Christiana Hilpert IV', 'Ut eligendi voluptas reiciendis perspiciatis quasi rem iste. Molestiae doloribus repudiandae fugit eligendi. Rem quos laborum perspiciatis.', 5, '2019-06-10 23:15:31', '2019-06-10 23:15:31'),
(96, 47, 'Pete Tillman', 'Corrupti sapiente non sint quia quos natus laborum. Laboriosam quaerat perferendis iure odit omnis porro voluptatem.', 2, '2019-06-10 23:15:31', '2019-06-10 23:15:31'),
(97, 11, 'Mr. Modesto Stamm PhD', 'Sint optio numquam nostrum. Quidem molestiae minus pariatur repudiandae. Eveniet consequatur consequatur deleniti qui et voluptatem eum cupiditate.', 2, '2019-06-10 23:15:31', '2019-06-10 23:15:31'),
(98, 24, 'Brandyn Schinner', 'Ut non in consequatur. Eum sint ut omnis qui. Aliquam iusto qui at ea itaque optio aliquam. Qui eveniet aperiam nam adipisci incidunt culpa.', 2, '2019-06-10 23:15:32', '2019-06-10 23:15:32'),
(99, 9, 'Mr. Kyler Osinski MD', 'Molestiae tempore hic voluptatem nostrum consequatur. Labore est deserunt non qui corporis. Deleniti vel molestias a quidem est corporis totam.', 3, '2019-06-10 23:15:32', '2019-06-10 23:15:32'),
(100, 23, 'Dr. Orville Wyman', 'Ex ad nulla et velit est voluptate. Inventore maiores error odit fugiat. Iste est eum hic voluptatem eveniet eius.', 4, '2019-06-10 23:15:32', '2019-06-10 23:15:32'),
(101, 9, 'Alexandria Kihn', 'Autem ut asperiores corporis veniam nostrum voluptates dolore perspiciatis. Ut tempora qui officia. Ducimus quia perferendis pariatur rerum ducimus.', 4, '2019-06-10 23:15:32', '2019-06-10 23:15:32'),
(102, 41, 'Brennon Nader', 'Rerum vel illo et ea ipsa aut. Rerum sunt dolores odit sequi facilis accusamus. Veritatis voluptatem odit voluptas eos. Hic in nisi impedit.', 1, '2019-06-10 23:15:32', '2019-06-10 23:15:32'),
(103, 18, 'Dayna Reilly', 'Veniam iusto vitae et ut. Aut quod distinctio aspernatur eos delectus maiores. Repellat non mollitia ex sit molestiae ipsum enim.', 5, '2019-06-10 23:15:32', '2019-06-10 23:15:32'),
(104, 7, 'Lew Fay', 'Quos consequatur corrupti quia enim. Fugit aliquid et est id maxime voluptatibus. Sunt aut quod doloribus ratione ab voluptatem optio. Nulla veritatis nulla officiis nihil. Ullam quidem sed magni quae non recusandae dolore.', 3, '2019-06-10 23:15:32', '2019-06-10 23:15:32'),
(105, 19, 'Rene Kassulke', 'Omnis odio atque optio id assumenda. Debitis repellendus quis explicabo ratione. Dignissimos consectetur qui qui et voluptates nulla consectetur. Cum dolores numquam id est libero laudantium praesentium quia.', 5, '2019-06-10 23:15:32', '2019-06-10 23:15:32'),
(106, 26, 'Devonte Rowe', 'Eum modi nihil sit aliquid vero. Similique neque necessitatibus voluptatem. Explicabo aut praesentium et error soluta quas. Similique non minus eos a veniam dolores quia. Nemo voluptas quasi consequuntur quo.', 5, '2019-06-10 23:15:32', '2019-06-10 23:15:32'),
(107, 5, 'Talon Ullrich IV', 'Sunt non facere cupiditate voluptatem. Ut qui consequatur sed eaque. At odit non dolore.', 4, '2019-06-10 23:15:32', '2019-06-10 23:15:32'),
(108, 44, 'Dr. Krista Parisian DVM', 'Vel corporis et aut quae mollitia sed. Reprehenderit nisi facere eum et qui qui voluptas. In aliquid quibusdam ut et nostrum dicta. Tenetur repellat modi mollitia eveniet ipsam.', 1, '2019-06-10 23:15:32', '2019-06-10 23:15:32'),
(109, 47, 'Abdullah King III', 'Magnam sed corrupti occaecati suscipit quae. Earum expedita optio et velit. Molestiae nemo sapiente enim ut. Est quo ut ut et consequatur voluptate.', 3, '2019-06-10 23:15:32', '2019-06-10 23:15:32'),
(110, 39, 'Madaline Wintheiser', 'Rerum sint quis velit ut deleniti atque qui. Et culpa quo omnis modi temporibus rem architecto. Expedita consequatur maxime inventore aut dolorem debitis dolorem.', 2, '2019-06-10 23:15:32', '2019-06-10 23:15:32'),
(111, 25, 'Prof. Thaddeus Dicki', 'Velit consequuntur aliquam possimus sint. Exercitationem consequatur et ex commodi nostrum reprehenderit culpa. Perferendis repellendus a repudiandae.', 1, '2019-06-10 23:15:32', '2019-06-10 23:15:32'),
(112, 39, 'Prof. Genevieve Schinner', 'Pariatur doloribus quas et voluptatem laborum. Ratione qui accusamus esse. Odit est quibusdam non ut aut. Autem minus velit unde et facilis itaque quis ut.', 3, '2019-06-10 23:15:32', '2019-06-10 23:15:32'),
(113, 33, 'Isabella Cartwright', 'Laboriosam voluptatem similique ullam ipsa ut dolorem quia quasi. Quam officia vitae illo. Culpa omnis voluptatem fugiat blanditiis. Ipsum earum id rerum dicta aliquam voluptatem atque.', 2, '2019-06-10 23:15:32', '2019-06-10 23:15:32'),
(114, 20, 'Bertha Lynch', 'Facere cupiditate nihil adipisci saepe. Libero possimus odit nostrum quo saepe inventore. Commodi voluptate dolor sunt aut eveniet nobis.', 3, '2019-06-10 23:15:32', '2019-06-10 23:15:32'),
(115, 41, 'Alfred Hayes', 'Fugiat et distinctio qui pariatur non eius. Iure iusto beatae in fugiat praesentium officiis quo consequuntur. Et ipsum sequi aspernatur odio ea. Corporis quia quam ut in vitae.', 2, '2019-06-10 23:15:32', '2019-06-10 23:15:32'),
(116, 11, 'Emil O\'Connell III', 'Consectetur et omnis fuga assumenda. Et ipsam qui voluptate eos eveniet numquam. Possimus animi labore nemo dolor consequatur eligendi aut.', 5, '2019-06-10 23:15:32', '2019-06-10 23:15:32'),
(117, 9, 'Prof. Heber Casper IV', 'Sit eveniet et aliquam velit odio. Ipsam magnam nostrum minima quam enim ipsam et ut. Quia ducimus sunt est aut alias vero. Officia quaerat nemo velit voluptatem nihil.', 5, '2019-06-10 23:15:32', '2019-06-10 23:15:32'),
(118, 4, 'Tristin Marvin', 'Minima et blanditiis qui sapiente. Error fugit voluptatum dolor animi ab. Sit incidunt quas nobis ullam neque repellendus. Consequuntur eos sunt provident laudantium.', 4, '2019-06-10 23:15:32', '2019-06-10 23:15:32'),
(119, 33, 'Terry Mills', 'Veniam atque amet ipsam. Deserunt et non possimus. Eum est neque explicabo dolor. Nobis sunt maiores quia aut necessitatibus quaerat. Velit quia a excepturi modi et dolorum.', 1, '2019-06-10 23:15:32', '2019-06-10 23:15:32'),
(120, 23, 'Carlee Daniel', 'Est voluptatibus quo qui. Blanditiis qui deleniti aut illum quia quibusdam. Cum quibusdam deserunt doloribus ipsam at velit nemo. Qui corrupti quidem autem quibusdam quis unde rerum.', 0, '2019-06-10 23:15:32', '2019-06-10 23:15:32'),
(121, 47, 'Josephine Kulas', 'Quis reiciendis mollitia velit accusantium dolorem repellat possimus repellat. Ullam hic voluptatum et inventore vero qui. Nisi voluptatibus nihil minus recusandae nulla quisquam mollitia repellendus. Quidem non inventore laudantium voluptatibus illum laborum.', 4, '2019-06-10 23:15:32', '2019-06-10 23:15:32'),
(122, 18, 'Chase Tillman', 'Iusto ut accusamus qui sequi incidunt. Sunt sit praesentium ab eligendi est. Atque ut tempore quam. Eos iusto ut qui qui. Atque eos blanditiis ducimus.', 0, '2019-06-10 23:15:32', '2019-06-10 23:15:32'),
(123, 18, 'Norberto Pagac', 'Vero dicta debitis aliquid quibusdam alias. In consectetur necessitatibus non sed repudiandae unde.', 5, '2019-06-10 23:15:32', '2019-06-10 23:15:32'),
(124, 29, 'Prof. Leann Trantow MD', 'Qui a nisi rerum consequuntur dolor earum enim voluptatum. Sit doloribus in aliquid et. Pariatur quo at qui saepe eum.', 0, '2019-06-10 23:15:32', '2019-06-10 23:15:32'),
(125, 45, 'Dr. Waylon Stokes DVM', 'Et aspernatur dolorem suscipit sit aliquid molestias. Ipsa aut esse a sunt ut. Sit ullam aut voluptas eveniet aspernatur quidem.', 5, '2019-06-10 23:15:32', '2019-06-10 23:15:32'),
(126, 49, 'Una Tillman', 'Est ratione reprehenderit quo quo omnis. Fuga itaque nulla eaque sed sapiente sit. Porro repellat rerum quod repellendus ducimus. Magni dolores itaque labore perferendis voluptas temporibus.', 5, '2019-06-10 23:15:33', '2019-06-10 23:15:33'),
(127, 41, 'Justine Hayes', 'Iste iusto et laudantium. Eius hic possimus perferendis est qui. Eum vel et dolorum sequi id quisquam exercitationem.', 3, '2019-06-10 23:15:33', '2019-06-10 23:15:33'),
(128, 20, 'Marge Littel', 'Et possimus quibusdam odio dolorum nihil qui. Non voluptas magni placeat officia. Consequatur dolorum nam reiciendis quidem ad est. Repudiandae ea atque voluptatem rerum vero.', 3, '2019-06-10 23:15:33', '2019-06-10 23:15:33'),
(129, 33, 'Ayla Franecki', 'Quo inventore sed qui sunt sit. Explicabo corrupti id animi voluptatum quos. Consequuntur itaque tempore ea quo.', 1, '2019-06-10 23:15:33', '2019-06-10 23:15:33'),
(130, 30, 'Gail Mueller', 'Ipsum illo voluptatibus ut ex ipsum tenetur. Maiores impedit nemo quidem est ipsum est sit. Ut voluptas ab rerum ratione reiciendis.', 1, '2019-06-10 23:15:33', '2019-06-10 23:15:33'),
(131, 19, 'Bessie Sauer II', 'Rerum consequatur beatae quisquam suscipit autem sapiente eos. Est adipisci voluptatem recusandae aut ipsam quibusdam. Quo culpa debitis nam molestiae et. Ipsa consequatur repellendus assumenda fugit ut.', 2, '2019-06-10 23:15:33', '2019-06-10 23:15:33'),
(132, 43, 'Ms. Jennie Corwin V', 'Nihil quia sit error quis. Sapiente et hic sed est vel commodi aut. Natus et et expedita itaque consequuntur odio.', 3, '2019-06-10 23:15:33', '2019-06-10 23:15:33'),
(133, 36, 'Eloise Langosh', 'Odio nihil et sed totam dignissimos quibusdam. Et maiores quos rerum neque excepturi. Atque enim illum voluptatem.', 5, '2019-06-10 23:15:33', '2019-06-10 23:15:33'),
(134, 1, 'Jaylen Keebler', 'In explicabo totam sint cum magni eos dolorum. Magnam delectus fugiat dignissimos quia ex rem inventore et.', 4, '2019-06-10 23:15:33', '2019-06-10 23:15:33'),
(135, 35, 'Caden Greenfelder', 'Aut velit labore placeat provident ea. Maiores cupiditate et aut quas occaecati. Voluptas est odio sit iste. Doloremque illum hic beatae.', 2, '2019-06-10 23:15:33', '2019-06-10 23:15:33'),
(136, 33, 'Magdalen Hoeger DVM', 'Dolorem sequi sapiente exercitationem voluptates qui ratione aperiam corrupti. At consequatur et non sed quia nam. Et dolore et cupiditate dolorem.', 2, '2019-06-10 23:15:33', '2019-06-10 23:15:33'),
(137, 46, 'Fay Pfeffer', 'Neque deserunt corporis perspiciatis aut quo et quasi. Omnis quia et dolorem accusantium ut. Occaecati alias reiciendis sed perferendis error. Doloribus dolorem deleniti illo dolorem.', 1, '2019-06-10 23:15:33', '2019-06-10 23:15:33'),
(138, 49, 'Golda VonRueden', 'Voluptates neque et nihil eligendi. Fuga eos dolore vel mollitia reiciendis omnis maxime. Error recusandae dolorem quibusdam saepe.', 3, '2019-06-10 23:15:33', '2019-06-10 23:15:33'),
(139, 37, 'Dr. Jakob Ziemann IV', 'Voluptatum vel ipsum eum dolorem quod quia. Nobis illo et non ut sunt aliquam et voluptates. Enim ab vitae ipsum consectetur et illum commodi.', 0, '2019-06-10 23:15:33', '2019-06-10 23:15:33'),
(140, 5, 'Emilia Orn', 'Maiores quas aliquam a suscipit rerum nihil assumenda. Aliquid sit possimus consequatur similique adipisci. Non cupiditate modi ullam. Harum nam iste doloremque sunt distinctio.', 5, '2019-06-10 23:15:33', '2019-06-10 23:15:33'),
(141, 5, 'Mr. Grady Skiles', 'Consequatur sed commodi incidunt velit velit aspernatur sed. Esse pariatur dolores assumenda dolorem cumque expedita. Minus velit voluptate eos accusamus aperiam. Sed non dolores eaque est quam ea expedita.', 1, '2019-06-10 23:15:33', '2019-06-10 23:15:33'),
(142, 30, 'Berry Bayer', 'Quas natus architecto nobis accusantium ut et. Eos sit vel quia aut. Nostrum veniam nemo placeat corrupti ad quia sequi architecto.', 3, '2019-06-10 23:15:33', '2019-06-10 23:15:33'),
(143, 27, 'Alayna Simonis III', 'Qui eum quas magni provident sed dolor consequatur. Enim possimus ipsam voluptas assumenda.', 3, '2019-06-10 23:15:33', '2019-06-10 23:15:33'),
(144, 11, 'Mrs. Dessie Yundt Jr.', 'Soluta iure repellat sint nemo velit est nesciunt. Cum dolore ex itaque adipisci occaecati corporis. Est sit enim sit corporis.', 4, '2019-06-10 23:15:33', '2019-06-10 23:15:33'),
(145, 44, 'Ms. Claudia Hudson', 'Et soluta et pariatur numquam. Et in repudiandae quos qui facilis sint nihil. Vel soluta et voluptatem est. Facilis et accusamus autem quia eligendi id.', 5, '2019-06-10 23:15:33', '2019-06-10 23:15:33'),
(146, 10, 'Garland Murphy II', 'A ut sed omnis fugit iste est. Enim maxime et earum. Sunt sed officiis voluptas quo quis quam iure. Voluptates perspiciatis delectus doloribus blanditiis rerum sed.', 4, '2019-06-10 23:15:33', '2019-06-10 23:15:33'),
(147, 25, 'Clara Rau', 'Corporis omnis eaque unde ea ut totam. Eum eligendi aliquam non quibusdam iusto id. Eum dolor deleniti enim illo. Et praesentium voluptatem magnam suscipit qui dolore dolore ad.', 0, '2019-06-10 23:15:33', '2019-06-10 23:15:33'),
(148, 40, 'Rebecca Runte', 'Non dolore nulla doloremque aliquam accusantium nisi. In non iste nulla dolorem odit. Iure repellat qui dolor corporis voluptas eligendi odio. Non at non sequi qui placeat.', 1, '2019-06-10 23:15:33', '2019-06-10 23:15:33'),
(149, 1, 'Dr. Carson Legros', 'Repellendus quia reprehenderit similique dignissimos. Et soluta tempore unde.', 3, '2019-06-10 23:15:33', '2019-06-10 23:15:33'),
(150, 17, 'Dr. Clint Abernathy', 'Consequuntur voluptates nihil quaerat qui. Non ut dolores ex odit aspernatur dolorem repudiandae. Quas voluptates ut enim dolor.', 5, '2019-06-10 23:15:33', '2019-06-10 23:15:33'),
(151, 39, 'Calista Smith', 'Aut est voluptates quaerat rerum molestiae. Qui aut aliquam aut beatae. Qui distinctio cumque ducimus quo temporibus voluptates.', 5, '2019-06-10 23:15:33', '2019-06-10 23:15:33'),
(152, 6, 'Loren Kunze', 'Et et debitis quo amet nisi cum voluptatem corporis. Aliquam velit officia repellat consectetur est architecto. Occaecati aut asperiores impedit asperiores commodi assumenda nulla. Consequuntur dolore perferendis dignissimos nisi quis hic. Maiores recusandae ipsa cupiditate est voluptas.', 0, '2019-06-10 23:15:33', '2019-06-10 23:15:33'),
(153, 5, 'Millie Greenfelder DDS', 'Dolores architecto nulla asperiores sunt sint aspernatur eos. Consequatur ea velit ut. Voluptatem inventore omnis veritatis dolore. Aut provident molestiae perspiciatis aliquam vero molestiae. Qui rem maxime omnis ipsa.', 0, '2019-06-10 23:15:33', '2019-06-10 23:15:33'),
(154, 40, 'Oleta McCullough', 'Rerum esse velit id consequuntur. Facere praesentium amet blanditiis blanditiis ea quae tempore.', 3, '2019-06-10 23:15:33', '2019-06-10 23:15:33'),
(155, 2, 'Joesph Hoeger', 'Ut cum voluptatum ut consequuntur saepe ut voluptatibus aut. Natus beatae est consequatur neque.', 1, '2019-06-10 23:15:33', '2019-06-10 23:15:33'),
(156, 11, 'Pinkie Boyer', 'Distinctio voluptas et dignissimos vel. Sint nesciunt aut laudantium illum deserunt ut qui. Laborum deleniti vero itaque soluta voluptatem et.', 4, '2019-06-10 23:15:33', '2019-06-10 23:15:33'),
(157, 6, 'Ellen Rice', 'Natus officia excepturi quidem sint sed rerum laborum error. Temporibus quia mollitia fugit omnis. Sed suscipit voluptatem reprehenderit aliquam officia beatae. Laudantium sed fuga sint dolorem.', 2, '2019-06-10 23:15:34', '2019-06-10 23:15:34'),
(158, 41, 'Prof. Tavares Brown V', 'Quibusdam eligendi reiciendis quia et dolorem voluptas qui eveniet. Voluptas non maxime incidunt eveniet ea. Vitae sit provident velit voluptas facilis nisi. Qui sunt vitae et. Est beatae asperiores architecto ut sed atque harum.', 1, '2019-06-10 23:15:34', '2019-06-10 23:15:34'),
(159, 14, 'Paige Jacobi', 'Veritatis et iure dolore quod. Adipisci tenetur ipsum velit laudantium labore quo. Necessitatibus aut quia suscipit quia molestias. Non inventore eaque quia rerum.', 2, '2019-06-10 23:15:34', '2019-06-10 23:15:34'),
(160, 31, 'Dorothea Klocko', 'Ipsam error quibusdam qui harum et. Eum officia qui eligendi maiores. Aperiam porro dignissimos illum nemo.', 3, '2019-06-10 23:15:34', '2019-06-10 23:15:34'),
(161, 29, 'Elliott Ruecker', 'Hic expedita veritatis aut et fuga. Ea mollitia voluptas ut pariatur voluptas et necessitatibus.', 0, '2019-06-10 23:15:34', '2019-06-10 23:15:34'),
(162, 21, 'Mr. Watson Rolfson V', 'Rerum error vitae dolorem quis consequatur esse non. Sint corporis cum molestiae corrupti. Temporibus et cupiditate esse eveniet.', 0, '2019-06-10 23:15:34', '2019-06-10 23:15:34'),
(163, 45, 'Elwin Dibbert', 'Et suscipit sint recusandae ut. Non et nam velit. Pariatur nam quasi cupiditate harum.', 5, '2019-06-10 23:15:34', '2019-06-10 23:15:34'),
(164, 13, 'Letitia Toy', 'Ea ducimus rem iure incidunt eum labore accusantium repudiandae. Id aut et aspernatur repellat velit ea sequi. Rem ea eveniet consequatur pariatur quo. Molestias et qui maiores modi in modi.', 1, '2019-06-10 23:15:34', '2019-06-10 23:15:34'),
(165, 41, 'Mr. Corbin Champlin', 'Doloribus blanditiis qui ipsam nemo. Eius quasi nam corporis aliquid nemo eligendi. Aspernatur consequuntur voluptate voluptatem nemo perspiciatis quis autem.', 2, '2019-06-10 23:15:34', '2019-06-10 23:15:34'),
(166, 41, 'Krystel O\'Hara', 'Aut soluta nesciunt et cum et laboriosam ut. Et doloremque in voluptas tenetur. Ea eveniet et voluptatem minus maxime rerum officiis. Ea quos aut sapiente harum est omnis.', 3, '2019-06-10 23:15:34', '2019-06-10 23:15:34'),
(167, 47, 'Guy Hodkiewicz', 'Amet optio rerum quas sunt. Excepturi in facilis omnis officiis nihil. Reprehenderit a alias eligendi facere eum. Similique quasi perspiciatis sequi blanditiis.', 0, '2019-06-10 23:15:34', '2019-06-10 23:15:34'),
(168, 38, 'Ms. Beaulah Reinger', 'Et exercitationem eum voluptatem quia sunt. Ea provident occaecati soluta soluta voluptates dolores. Expedita asperiores dignissimos a tempora consequatur. Consequatur voluptates repellendus aut blanditiis nihil ut beatae est. Aperiam praesentium recusandae id ducimus porro nihil expedita quis.', 2, '2019-06-10 23:15:34', '2019-06-10 23:15:34'),
(169, 11, 'Amari Padberg', 'Dolores ratione quo quos consequatur perspiciatis. Vitae consequatur placeat libero sunt est deleniti et non. Quo sed sint debitis sed culpa sint. Fugiat quos iusto exercitationem iusto eveniet beatae laborum.', 2, '2019-06-10 23:15:34', '2019-06-10 23:15:34'),
(170, 39, 'Alfred Carroll', 'Ad minima et qui exercitationem architecto. Vel non voluptatem quia magnam neque qui. Molestiae enim voluptatem nam. Veniam voluptates nemo sit sit.', 2, '2019-06-10 23:15:34', '2019-06-10 23:15:34'),
(171, 47, 'Dr. Antwan Miller', 'Nulla officiis ut molestiae et culpa repudiandae. Rem id velit magnam id impedit perspiciatis soluta. Id ut illo voluptates laboriosam.', 5, '2019-06-10 23:15:34', '2019-06-10 23:15:34'),
(172, 46, 'Miss Josianne Wisoky IV', 'Consequatur corrupti ducimus porro ut harum eos et. Nemo omnis doloremque nam exercitationem consequatur quis.', 3, '2019-06-10 23:15:34', '2019-06-10 23:15:34'),
(173, 47, 'Mohammad Leffler IV', 'Tempore quibusdam laboriosam ut accusamus illum enim. Vero incidunt nihil sunt. Quasi vitae rerum aspernatur sunt quidem.', 0, '2019-06-10 23:15:34', '2019-06-10 23:15:34'),
(174, 19, 'Mrs. Tressie Stroman Sr.', 'Quia est quo quia et rerum est exercitationem. Expedita perferendis quidem consequuntur et unde asperiores qui. Amet enim ex distinctio.', 1, '2019-06-10 23:15:34', '2019-06-10 23:15:34'),
(175, 16, 'Jolie Koch', 'Et minima ut repellendus ducimus nemo et. Officia facilis rerum ab. Vel quisquam aut sit a. Laudantium aliquid aut et. Aliquam in ullam eligendi sequi officia cumque voluptas.', 0, '2019-06-10 23:15:34', '2019-06-10 23:15:34'),
(176, 19, 'Crystel McGlynn', 'Non et ratione vitae aliquid et. Ex id est cumque et sequi qui. Earum dignissimos incidunt tenetur eum odio aut hic et. Non sed ea consequatur ullam cum qui.', 1, '2019-06-10 23:15:34', '2019-06-10 23:15:34'),
(177, 11, 'Mrs. Beulah Goyette', 'Quae facilis iure at nobis aut aut consequatur. Fuga sed et laboriosam ut maiores magni necessitatibus.', 4, '2019-06-10 23:15:34', '2019-06-10 23:15:34'),
(178, 47, 'Kendrick Lesch Jr.', 'Ratione harum inventore dolore nam ad vel. Natus nam culpa voluptatem. Itaque nesciunt sapiente consequatur cupiditate.', 4, '2019-06-10 23:15:34', '2019-06-10 23:15:34'),
(179, 30, 'Mrs. Amina Powlowski', 'Pariatur ipsam minima illo ut qui nam est. Voluptas ad fugit aut. Ea debitis similique vel doloribus ipsam ullam. Molestiae voluptatem ullam maxime itaque ut non eligendi quos.', 1, '2019-06-10 23:15:34', '2019-06-10 23:15:34'),
(180, 28, 'Ms. Chelsea Robel V', 'Aut voluptatem voluptatem in facere dolor. Quis eos et blanditiis sapiente aperiam temporibus. Nam perferendis eveniet voluptatem et deserunt.', 5, '2019-06-10 23:15:34', '2019-06-10 23:15:34'),
(181, 37, 'Penelope Wehner', 'Reprehenderit et autem veritatis id aut consequuntur. Et suscipit cumque eum soluta. Est nobis voluptas illum nulla fugiat.', 4, '2019-06-10 23:15:34', '2019-06-10 23:15:34'),
(182, 30, 'Dr. Arch Leffler PhD', 'Quas mollitia dolorem cumque vero explicabo perspiciatis. Possimus hic facilis et sed unde dolorem quis. Ut deserunt optio porro.', 0, '2019-06-10 23:15:34', '2019-06-10 23:15:34'),
(183, 33, 'Ashlynn Glover', 'Culpa consequuntur rerum corporis ipsa voluptatibus. Provident incidunt quam reiciendis eaque. Dicta mollitia voluptas et ut aut. Et possimus ipsam magni placeat.', 0, '2019-06-10 23:15:34', '2019-06-10 23:15:34'),
(184, 3, 'Stephanie Walter II', 'Voluptatem vero enim et fugiat dolores id. Nisi eligendi et consequatur maiores ratione atque. Ipsam in delectus ut. Asperiores et est id reprehenderit. Ullam et eos eligendi deleniti et ullam.', 4, '2019-06-10 23:15:34', '2019-06-10 23:15:34'),
(185, 22, 'Kenny Glover', 'Et ducimus voluptas maxime dolor inventore ducimus. Occaecati et et vero perferendis. Beatae quia fuga veritatis atque repudiandae.', 1, '2019-06-10 23:15:34', '2019-06-10 23:15:34'),
(186, 47, 'Keenan Reilly', 'Officiis repellat odit quod ut enim sed. Voluptas quis qui consequatur culpa. Voluptatibus perferendis quia dolorem. Dolores voluptates dicta neque eos qui harum et.', 3, '2019-06-10 23:15:34', '2019-06-10 23:15:34'),
(187, 3, 'Kianna Stoltenberg', 'Ullam aut commodi ipsa velit et sed reprehenderit. Aspernatur optio eligendi sequi ut rerum nulla minima. Est voluptatibus dignissimos corporis nulla et asperiores neque. Et expedita impedit voluptas laboriosam temporibus omnis eos.', 1, '2019-06-10 23:15:34', '2019-06-10 23:15:34'),
(188, 41, 'Mr. Juston Ledner II', 'Cumque sapiente officiis odio aspernatur in illum et. Consequatur aut est quia quo. Ex et ipsam voluptatem velit expedita eveniet. Error ex totam nostrum reiciendis.', 3, '2019-06-10 23:15:34', '2019-06-10 23:15:34'),
(189, 17, 'Mr. Silas Morar', 'Dolor impedit eum voluptate odio quia doloribus deserunt. Qui fuga distinctio ut tempore. Molestias necessitatibus aut quia et est.', 5, '2019-06-10 23:15:34', '2019-06-10 23:15:34'),
(190, 22, 'Annetta Breitenberg DDS', 'Ducimus itaque ullam nesciunt quia sint incidunt ut. Molestiae iure nam saepe debitis praesentium aut temporibus. Est iste rerum explicabo fuga et saepe.', 2, '2019-06-10 23:15:34', '2019-06-10 23:15:34'),
(191, 43, 'Amalia Corwin', 'Et consequatur recusandae optio perspiciatis. Pariatur facere repudiandae illum odio sequi. Aut enim adipisci quia. Culpa quaerat et quasi blanditiis qui neque magnam quia.', 4, '2019-06-10 23:15:34', '2019-06-10 23:15:34'),
(192, 43, 'Lemuel Murray I', 'Doloribus at quos consequuntur aut. Blanditiis totam tempore dicta ex magnam sunt.', 2, '2019-06-10 23:15:34', '2019-06-10 23:15:34'),
(193, 25, 'Nikolas Bruen', 'Sunt incidunt velit sit nihil earum. Sit deserunt architecto sapiente omnis vel minima perferendis. Voluptatem optio eos sed quia. Necessitatibus asperiores quae officiis ut ipsum sunt exercitationem.', 2, '2019-06-10 23:15:34', '2019-06-10 23:15:34'),
(194, 45, 'Melba Kreiger', 'Ipsum omnis non labore nulla ad provident. Quibusdam autem beatae nesciunt repellendus aut quo. Ratione molestias ut labore vero culpa.', 3, '2019-06-10 23:15:34', '2019-06-10 23:15:34'),
(195, 28, 'Prof. Antwon Ward IV', 'Sit laborum facere quaerat voluptatem. Magnam nam sunt minus debitis deserunt sit iste. Illum quia a dolorum.', 0, '2019-06-10 23:15:34', '2019-06-10 23:15:34'),
(196, 21, 'Alice Stoltenberg', 'Alias sit repellendus quae consequatur reprehenderit. Fugiat assumenda nemo cumque. Alias molestiae eligendi dolor adipisci voluptatem quis sint. Neque sed soluta eligendi debitis aut ab consequatur.', 5, '2019-06-10 23:15:34', '2019-06-10 23:15:34'),
(197, 8, 'Mr. Wilbert Olson DDS', 'Libero unde similique impedit voluptate consectetur est eum. Consequatur rerum quia nobis necessitatibus et. Qui ut at dolor laborum ut aspernatur. Sunt maxime officiis et animi nisi vel culpa.', 3, '2019-06-10 23:15:35', '2019-06-10 23:15:35'),
(198, 19, 'Syble Marks', 'Unde voluptatibus ea assumenda aut consequatur officiis. Pariatur quam cum consequatur quia quod qui.', 5, '2019-06-10 23:15:35', '2019-06-10 23:15:35'),
(199, 49, 'Emelie Langosh', 'Eos ut possimus velit rerum veniam labore nam. Doloremque necessitatibus eos eos nobis molestiae nisi. Quis atque vitae illum sunt. Vitae quia sint eius.', 3, '2019-06-10 23:15:35', '2019-06-10 23:15:35'),
(200, 25, 'Laura Stokes', 'Eligendi aperiam natus qui illum veniam cumque. Fuga voluptatem quae et quo veniam quod. Sint est quibusdam dolorum enim molestiae corrupti amet. Iure nulla itaque sit cupiditate aut sit facilis.', 1, '2019-06-10 23:15:35', '2019-06-10 23:15:35'),
(201, 10, 'Prof. Providenci Fisher', 'Natus dolor ipsa culpa dolor iure tempore magnam. Sint ipsa qui expedita dicta ut quia soluta. Dolores aut error exercitationem. Praesentium et nisi dignissimos eum sit ducimus odio est.', 2, '2019-06-10 23:15:35', '2019-06-10 23:15:35'),
(202, 48, 'Mose Leuschke', 'Qui voluptates voluptatum aut numquam aut odit. Laborum est facere repellat. Labore rem aut itaque nihil vero quasi.', 3, '2019-06-10 23:15:35', '2019-06-10 23:15:35'),
(203, 9, 'Enid Renner', 'Magni veritatis ullam enim. Dicta blanditiis omnis perspiciatis qui perspiciatis ut. Ad sed in itaque voluptatibus.', 4, '2019-06-10 23:15:35', '2019-06-10 23:15:35'),
(204, 5, 'Dr. Lisa Heaney IV', 'Iure ullam soluta ea aut enim qui excepturi culpa. Adipisci ratione dicta placeat vero et eveniet. Voluptatem omnis est aut necessitatibus.', 2, '2019-06-10 23:15:35', '2019-06-10 23:15:35'),
(205, 50, 'Ms. Ressie Kuhlman', 'Et facere aspernatur aliquam reprehenderit. Reprehenderit labore sed facilis. At molestiae est vero qui omnis nam.', 3, '2019-06-10 23:15:35', '2019-06-10 23:15:35'),
(206, 50, 'Maximo Cormier', 'Dolore magnam natus dicta ut molestiae. Molestiae et consequatur aut impedit deserunt id. Et eos quo consectetur doloremque voluptatem voluptatibus aut. Dolores dolores consequatur sed ratione non blanditiis quibusdam.', 4, '2019-06-10 23:15:35', '2019-06-10 23:15:35'),
(207, 14, 'Trever McDermott', 'Et distinctio autem et eos. Quia qui excepturi iusto alias. Illo necessitatibus non quo ducimus aliquid. Veniam maxime expedita a.', 0, '2019-06-10 23:15:35', '2019-06-10 23:15:35'),
(208, 42, 'Mollie Becker V', 'Similique et culpa minus sed animi magnam quibusdam. Natus voluptatibus qui quis quibusdam vel assumenda qui magnam. Est minima odit et molestias voluptates nemo dolore.', 0, '2019-06-10 23:15:35', '2019-06-10 23:15:35'),
(209, 26, 'Adonis Schuster', 'Qui provident et non repudiandae nihil. Impedit culpa sit incidunt itaque corrupti eveniet. Sed veniam voluptate et dolores. Asperiores praesentium quidem qui dolorem molestiae.', 1, '2019-06-10 23:15:35', '2019-06-10 23:15:35'),
(210, 19, 'Ivory Towne', 'Sed neque dolorem est laboriosam voluptas blanditiis. Laboriosam eaque cum laboriosam optio iusto. Esse sed fugiat qui explicabo. Alias ut ut debitis consequatur voluptatibus.', 5, '2019-06-10 23:15:35', '2019-06-10 23:15:35'),
(211, 32, 'Aurelio McGlynn MD', 'Velit quo voluptatem illum eligendi et cumque deserunt non. Dolore est aut similique ea omnis neque. Quos saepe esse esse dicta id ducimus quia nobis.', 1, '2019-06-10 23:15:35', '2019-06-10 23:15:35'),
(212, 32, 'Prof. Gardner O\'Hara IV', 'Non voluptatem aut cumque tenetur ipsa. Corrupti dolorem amet eligendi quasi. Facere ab voluptate possimus ipsam consequatur excepturi quisquam.', 1, '2019-06-10 23:15:35', '2019-06-10 23:15:35');
INSERT INTO `reviews` (`id`, `product_id`, `customer`, `review`, `star`, `created_at`, `updated_at`) VALUES
(213, 1, 'Ernestine Will', 'Facere laborum aut enim non doloribus hic voluptatum. Culpa sequi enim placeat maiores. Quia quia itaque consectetur.', 2, '2019-06-10 23:15:35', '2019-06-10 23:15:35'),
(214, 23, 'Alexis Homenick', 'Rerum quasi optio eum est. Officiis excepturi cupiditate doloribus possimus eius doloremque. Exercitationem nisi possimus repellat fugit.', 2, '2019-06-10 23:15:35', '2019-06-10 23:15:35'),
(215, 23, 'Kasandra Schimmel', 'Error velit et mollitia voluptas aliquid aut doloremque libero. Vitae qui vel excepturi laudantium et enim blanditiis enim. Quibusdam accusamus minima rerum in ut fugit fugiat maiores.', 4, '2019-06-10 23:15:35', '2019-06-10 23:15:35'),
(216, 4, 'Dr. Davin Cummings', 'Rerum atque adipisci aut omnis necessitatibus et et. Maxime voluptas dolorem consequatur et voluptas. Deleniti omnis nostrum molestiae ut eum. Consectetur sunt harum vero consectetur in.', 3, '2019-06-10 23:15:35', '2019-06-10 23:15:35'),
(217, 46, 'Rosalinda Spencer DVM', 'Expedita tempora culpa doloremque quia autem est praesentium et. Commodi non omnis dolores accusantium cumque facere harum quibusdam. Tempore voluptatem consectetur omnis.', 3, '2019-06-10 23:15:35', '2019-06-10 23:15:35'),
(218, 37, 'Jermaine Cole', 'Dolor quasi ratione odit. Quia ea cumque eligendi fuga quia delectus. Magnam sint assumenda qui consectetur eveniet maiores. Saepe rerum assumenda autem voluptatum.', 2, '2019-06-10 23:15:35', '2019-06-10 23:15:35'),
(219, 31, 'Alba Strosin', 'Vel cupiditate et est dolorum qui fugiat. Ipsum sint vero repellendus ea dolorem occaecati. Quis ut corporis rerum officiis consequuntur. Sunt ut consequatur labore maiores nobis velit sit et.', 4, '2019-06-10 23:15:35', '2019-06-10 23:15:35'),
(220, 36, 'Hettie Fay', 'Dicta nobis nobis sit id. Perspiciatis voluptates et et est ut rem sit voluptatem.', 2, '2019-06-10 23:15:35', '2019-06-10 23:15:35'),
(221, 6, 'Easton Feil', 'Similique similique doloremque iusto occaecati quia. Beatae enim enim distinctio aut quo exercitationem. Nam tempore in eos fugiat.', 3, '2019-06-10 23:15:35', '2019-06-10 23:15:35'),
(222, 19, 'Prof. Diana Muller', 'Debitis est quidem architecto consectetur. Facilis est animi aut ut ut ut velit deleniti. Velit accusantium corrupti ex laborum id provident. Harum maxime ipsum repellat sunt in impedit.', 5, '2019-06-10 23:15:35', '2019-06-10 23:15:35'),
(223, 36, 'Jeremie Borer', 'Modi minima natus cupiditate numquam enim omnis ullam. Aut voluptate velit officia. In labore necessitatibus rerum deleniti earum quis et. Et quos beatae maxime animi perferendis non repellendus. Et reprehenderit non aut dolorum et et asperiores.', 5, '2019-06-10 23:15:35', '2019-06-10 23:15:35'),
(224, 48, 'Ruby Ritchie Sr.', 'Eaque quod aut repellat quod. Modi ab odit fuga dolorem alias. Minus illum dolor numquam ex quasi.', 2, '2019-06-10 23:15:35', '2019-06-10 23:15:35'),
(225, 18, 'Santino Zieme', 'Beatae repellat impedit dolorum accusamus. Provident voluptas cupiditate est distinctio. Dolores culpa reprehenderit quos iusto ut.', 3, '2019-06-10 23:15:35', '2019-06-10 23:15:35'),
(226, 41, 'Dr. Hilario Dare PhD', 'Qui et harum alias voluptatem. Voluptates ad sunt ut et consequatur delectus eligendi. Rerum eius quasi laborum nisi autem. Id dolorum reprehenderit qui qui quaerat impedit commodi.', 1, '2019-06-10 23:15:35', '2019-06-10 23:15:35'),
(227, 15, 'Marcella Rohan III', 'Recusandae dolorem velit quos vitae amet et qui. Sapiente neque mollitia nulla dolorem autem. Reiciendis dolorum non similique numquam ad voluptas quisquam ut. Et enim temporibus voluptatem molestias.', 2, '2019-06-10 23:15:35', '2019-06-10 23:15:35'),
(228, 16, 'Mary Schaden', 'Sunt nihil ut et quo et distinctio reprehenderit. Cupiditate asperiores sint aut dolor.', 1, '2019-06-10 23:15:35', '2019-06-10 23:15:35'),
(229, 37, 'Garland Abernathy', 'Voluptatem iusto numquam et alias. Animi repellat iure sit dolores. Voluptas inventore incidunt aut et rem rerum vel qui. Ratione voluptas mollitia odit aliquid.', 1, '2019-06-10 23:15:35', '2019-06-10 23:15:35'),
(230, 35, 'Gabriel Johnston', 'Quia cumque accusamus sint iste dicta. Molestiae rem impedit ratione. Qui aut neque eos at at accusamus. Cum debitis fuga numquam quaerat excepturi aliquam.', 0, '2019-06-10 23:15:36', '2019-06-10 23:15:36'),
(231, 38, 'Abigail Feil', 'Nulla quas est mollitia. Rerum reprehenderit sapiente eius perferendis dolores voluptas placeat. Earum dolores amet ab vel ratione. Perferendis quas esse omnis itaque.', 2, '2019-06-10 23:15:36', '2019-06-10 23:15:36'),
(232, 24, 'Jennie Schultz', 'Magnam nobis ipsa ea et. Excepturi officia harum amet numquam sunt nisi laudantium. Eius quia error consequuntur eligendi. Eveniet ut neque rerum laboriosam distinctio. Vero eum velit omnis laudantium incidunt sit.', 5, '2019-06-10 23:15:36', '2019-06-10 23:15:36'),
(233, 23, 'Oran Kerluke', 'Odit expedita nobis consequatur atque. Dolorum id eveniet laborum non. Nemo est corrupti sint assumenda quas eos.', 5, '2019-06-10 23:15:36', '2019-06-10 23:15:36'),
(234, 15, 'Ms. Jessyca Wunsch DVM', 'Ipsum similique quis alias aut. Dignissimos voluptatem rerum animi aliquid.', 0, '2019-06-10 23:15:36', '2019-06-10 23:15:36'),
(235, 15, 'Dr. Marlin Kihn', 'Voluptatem veniam iure eveniet et vel soluta quas. Accusantium quos aut veniam omnis porro dolore. Quas qui repellendus dolorem laudantium eius et laborum.', 1, '2019-06-10 23:15:36', '2019-06-10 23:15:36'),
(236, 14, 'Sim Okuneva', 'Necessitatibus adipisci assumenda numquam unde et. Sit unde explicabo omnis. Nihil rem quas est voluptas porro voluptate.', 1, '2019-06-10 23:15:36', '2019-06-10 23:15:36'),
(237, 7, 'Jaida Turner', 'Temporibus praesentium sed quisquam sed est id id. Quasi non reiciendis doloremque ut rem. Enim ut sunt facilis. Sequi natus autem et omnis. Voluptatem rerum impedit iusto sed.', 2, '2019-06-10 23:15:36', '2019-06-10 23:15:36'),
(238, 21, 'Courtney Swift', 'Et quisquam exercitationem unde. Eveniet at sit eaque aut consequatur earum nihil. At tempore ipsa quisquam iusto id maiores. Rerum at molestiae quam id.', 3, '2019-06-10 23:15:36', '2019-06-10 23:15:36'),
(239, 39, 'Otis Kessler', 'Architecto ab sunt voluptatem eos qui fugit maxime. Autem et reprehenderit tempora nihil in. Maiores recusandae voluptatem dolorum aut minus. Molestias eos et vel corrupti. Cumque ea sed architecto adipisci quidem temporibus sed.', 2, '2019-06-10 23:15:36', '2019-06-10 23:15:36'),
(240, 11, 'Blanca Howe', 'Quis in voluptatem aut excepturi. Ut voluptates eos sunt repudiandae rem. Sint qui inventore velit provident est. Harum dolores consequatur ut dolores debitis voluptatem. Quaerat hic incidunt distinctio et perferendis.', 4, '2019-06-10 23:15:36', '2019-06-10 23:15:36'),
(241, 45, 'Ashlee Jenkins', 'Magni tenetur eveniet voluptates quasi mollitia. Ut minus ratione non omnis in natus ratione. Reiciendis dolorum placeat qui saepe provident natus aliquam. Quas aliquid fugiat ut accusantium recusandae quia.', 5, '2019-06-10 23:15:36', '2019-06-10 23:15:36'),
(242, 12, 'Lucile Brown', 'Officiis nulla quia nulla aperiam eaque fuga cumque. Harum vero ut qui fugit enim molestias. Impedit aut velit adipisci quaerat voluptatem et. Numquam id debitis ea alias magni enim voluptas.', 4, '2019-06-10 23:15:36', '2019-06-10 23:15:36'),
(243, 36, 'Prof. Rachel Thompson V', 'Ipsa hic necessitatibus fuga eos dolor. Molestiae molestias esse quibusdam ut cumque maxime ab. Nam quas aliquam beatae nesciunt pariatur. Ut quia officia odit est.', 2, '2019-06-10 23:15:36', '2019-06-10 23:15:36'),
(244, 48, 'Edward Schaefer', 'Est delectus consectetur quod aut architecto enim. Nihil ut placeat enim fugit sint. Consequatur magnam fugiat nihil aut. Dignissimos dolor perferendis sit commodi eum temporibus.', 4, '2019-06-10 23:15:36', '2019-06-10 23:15:36'),
(245, 15, 'Pansy Stanton', 'Commodi quam aspernatur neque a et. Blanditiis velit repellendus impedit quia. Aut aut aspernatur commodi dolorem aut dolores. Nihil explicabo est eaque commodi. Et id omnis sapiente.', 2, '2019-06-10 23:15:36', '2019-06-10 23:15:36'),
(246, 45, 'Lorenz Rodriguez', 'Sed nihil dolor illum autem. Temporibus rerum qui earum est officia aut. Vitae dolores blanditiis saepe odio est.', 5, '2019-06-10 23:15:36', '2019-06-10 23:15:36'),
(247, 29, 'Elouise Strosin Jr.', 'Ut aut non voluptatem dolores quibusdam. Beatae veritatis libero deleniti aut est quia inventore. Placeat aut sint occaecati et adipisci odit ex.', 1, '2019-06-10 23:15:36', '2019-06-10 23:15:36'),
(248, 49, 'Shania Kulas', 'Natus voluptas labore totam est tempora animi nihil. Voluptas commodi unde ullam nihil expedita voluptate. Sequi deserunt accusantium eaque consectetur et vel. Delectus ratione inventore atque enim enim at eum est.', 2, '2019-06-10 23:15:36', '2019-06-10 23:15:36'),
(249, 26, 'Mr. Timmy Kshlerin V', 'Eos voluptate ex sunt commodi voluptate. Officiis dolorem mollitia nam incidunt. Et officiis animi similique asperiores fugit enim.', 4, '2019-06-10 23:15:36', '2019-06-10 23:15:36'),
(250, 11, 'Dr. Kendall Reilly', 'Esse ex et illo vel facilis expedita placeat. Distinctio placeat eum enim fugiat inventore non. Qui officia delectus tenetur reprehenderit. Non modi saepe tempore architecto assumenda. Esse et pariatur quo non voluptatum.', 3, '2019-06-10 23:15:36', '2019-06-10 23:15:36'),
(251, 11, 'Ada Prohaska', 'Culpa sed officia ab qui fugit. Nostrum quae illum dolores consequuntur. Ex soluta ut illum pariatur officiis. Harum corrupti quia accusamus corrupti aut tempora.', 0, '2019-06-10 23:15:36', '2019-06-10 23:15:36'),
(252, 35, 'Lincoln Breitenberg', 'Expedita eveniet sunt voluptas quis repellendus ut earum. Commodi minima sint consequatur laborum ea numquam ut. Ut alias nemo dolorem possimus consequatur ipsa.', 0, '2019-06-10 23:15:36', '2019-06-10 23:15:36'),
(253, 16, 'Cara Emard I', 'Quam laborum reprehenderit in est nihil exercitationem. Cumque eum provident est est iste. Corporis quidem sed quia est.', 1, '2019-06-10 23:15:36', '2019-06-10 23:15:36'),
(254, 43, 'Estella Beier', 'Esse consequatur magni id consequatur ut voluptas. Est minima sint et blanditiis dolorum. Itaque eius est vel voluptatem. Aut architecto cum consectetur maxime.', 1, '2019-06-10 23:15:36', '2019-06-10 23:15:36'),
(255, 7, 'Darrion Maggio Jr.', 'Est qui doloribus dolor in voluptas maxime illo. Voluptatem ut sit quasi qui molestiae. Ipsum debitis cum animi libero. Et non et deserunt nostrum nisi doloribus.', 2, '2019-06-10 23:15:36', '2019-06-10 23:15:36'),
(256, 22, 'Laurel Altenwerth', 'Aperiam omnis accusamus quaerat. Sequi ipsum facere porro esse velit. Voluptates praesentium suscipit aut cum veritatis nesciunt recusandae nobis.', 3, '2019-06-10 23:15:36', '2019-06-10 23:15:36'),
(257, 20, 'Mr. Deonte Towne', 'Eos aut incidunt eum voluptatem velit vel. Officiis optio at aut voluptate et rerum eligendi. In consequatur qui perferendis maxime in qui.', 0, '2019-06-10 23:15:36', '2019-06-10 23:15:36'),
(258, 34, 'Bonita Mueller', 'Quidem rem aut laborum inventore cumque. Quos accusantium magni ea ut. Natus id mollitia perferendis et autem. Ullam amet quos recusandae eveniet.', 1, '2019-06-10 23:15:36', '2019-06-10 23:15:36'),
(259, 42, 'Mr. Alphonso Padberg', 'Ullam vero tempora consequuntur molestiae magni totam. Quia quisquam rerum amet labore. Voluptatem facilis accusantium explicabo ut voluptatem perspiciatis quasi.', 5, '2019-06-10 23:15:36', '2019-06-10 23:15:36'),
(260, 12, 'Isaiah Stiedemann II', 'Mollitia autem quidem quam impedit magni sit temporibus. Expedita nulla assumenda aut corporis. Ipsum esse ab consequatur veniam.', 4, '2019-06-10 23:15:36', '2019-06-10 23:15:36'),
(261, 40, 'Yasmine Reinger', 'Quam illo accusantium suscipit eligendi quidem. Hic consequatur dignissimos eos officiis ea labore sunt. Distinctio modi ipsam culpa non. Fuga hic sapiente non consequatur consequuntur sit. Aut tempore qui ut cumque distinctio.', 4, '2019-06-10 23:15:37', '2019-06-10 23:15:37'),
(262, 44, 'Hubert Hauck', 'Ex odio adipisci quia quasi architecto. Est aut maiores ullam id maxime sed nemo ipsam.', 4, '2019-06-10 23:15:37', '2019-06-10 23:15:37'),
(263, 30, 'Janick Mosciski', 'Natus quia cumque sunt modi molestiae adipisci. Molestias et non ut occaecati voluptas est. Dolorem soluta nesciunt repellat quis et.', 2, '2019-06-10 23:15:37', '2019-06-10 23:15:37'),
(264, 31, 'Randi Hamill', 'Qui debitis non maiores inventore. Sint doloremque ut qui nemo sit. Iste reprehenderit dolore id enim qui fuga et reiciendis. Id commodi et aut nesciunt quae autem natus.', 1, '2019-06-10 23:15:37', '2019-06-10 23:15:37'),
(265, 33, 'Miss Hertha Bahringer', 'Deleniti qui suscipit ratione tenetur et odio corrupti. Necessitatibus rerum in est quia odit porro inventore adipisci. Omnis totam expedita voluptates qui accusantium ea impedit.', 4, '2019-06-10 23:15:37', '2019-06-10 23:15:37'),
(266, 37, 'Ivah Jakubowski', 'Laudantium laborum dolor et voluptate magnam eum officia. Quasi assumenda reprehenderit eius dolorem ut. Repudiandae adipisci quia error suscipit deleniti rerum.', 4, '2019-06-10 23:15:37', '2019-06-10 23:15:37'),
(267, 43, 'Dr. Gerhard Zboncak', 'Occaecati rerum rerum officia repudiandae. Illo voluptatibus omnis quo sunt quis. Sed in et repellendus odio ratione officia omnis.', 2, '2019-06-10 23:15:37', '2019-06-10 23:15:37'),
(268, 19, 'Kellie Weimann', 'Explicabo eum exercitationem nihil incidunt quia voluptatem ea. Voluptate sit eveniet corrupti sed non laboriosam. Voluptatum veniam enim odio repudiandae.', 3, '2019-06-10 23:15:37', '2019-06-10 23:15:37'),
(269, 44, 'Johnny Kautzer', 'Odio hic ipsa qui cum saepe. Voluptatem voluptatem dolores error earum sed. Temporibus sapiente quidem tempora ea ullam.', 5, '2019-06-10 23:15:37', '2019-06-10 23:15:37'),
(270, 2, 'Devonte Larkin', 'Impedit totam repellendus inventore expedita necessitatibus maiores fuga. Consequatur ut recusandae ipsa. Dolores porro quidem quidem quis ut eos.', 0, '2019-06-10 23:15:37', '2019-06-10 23:15:37'),
(271, 9, 'Ronaldo Sipes', 'Sint et enim recusandae. Nihil incidunt quo cupiditate doloremque minus. Et aliquid delectus sequi dolore fuga. Nemo dolorem qui ut ex.', 5, '2019-06-10 23:15:37', '2019-06-10 23:15:37'),
(272, 14, 'Anna Kuphal', 'Quam molestiae optio sed dolorem saepe. Sed aut libero soluta laudantium consequatur consequuntur nisi.', 2, '2019-06-10 23:15:37', '2019-06-10 23:15:37'),
(273, 26, 'Braulio Wisoky', 'Aut voluptas molestiae quis reprehenderit voluptatem. Tempora id tempore labore qui quos. Facere molestiae eius facilis rerum illum.', 4, '2019-06-10 23:15:37', '2019-06-10 23:15:37'),
(274, 5, 'Kelley Turcotte', 'Ipsa quod distinctio alias earum ut aut ut. Corporis voluptatem quaerat culpa rerum eum commodi. Voluptatem sed exercitationem ullam. Qui unde earum maiores et.', 0, '2019-06-10 23:15:37', '2019-06-10 23:15:37'),
(275, 3, 'Lyric Hahn DDS', 'Et aut quisquam accusamus nihil quos quibusdam. Veritatis necessitatibus in qui quis. Est ea reiciendis quidem est. Ab fugiat aut sit suscipit dolores voluptas.', 1, '2019-06-10 23:15:37', '2019-06-10 23:15:37'),
(276, 11, 'Mrs. Emely Dach', 'Dolores eos ut dolorem sunt. Qui labore perferendis animi quos ut. Dolores molestias sit alias deserunt id. Odio unde non molestias ad.', 4, '2019-06-10 23:15:37', '2019-06-10 23:15:37'),
(277, 46, 'Elna O\'Keefe', 'Nam natus sit cum quo saepe tempora. Omnis ducimus exercitationem eum hic sed labore. Dolor ut ipsam aut assumenda eligendi beatae alias sapiente. Vel animi sed repellendus sapiente accusantium dolore impedit.', 1, '2019-06-10 23:15:37', '2019-06-10 23:15:37'),
(278, 48, 'Fleta Hills', 'Ut esse earum explicabo consequatur. Nulla odit modi tenetur omnis. Non natus nostrum laudantium deserunt nesciunt harum. Ex repudiandae repudiandae illum aut consectetur.', 4, '2019-06-10 23:15:37', '2019-06-10 23:15:37'),
(279, 14, 'Neha Beahan IV', 'Eum rerum ex iusto impedit. Dolor cum architecto natus tenetur mollitia sed sit. Aut illum iure architecto voluptatibus.', 4, '2019-06-10 23:15:37', '2019-06-10 23:15:37'),
(280, 45, 'Easton Larkin', 'Voluptatem optio sit eos et dicta. Et minus modi perspiciatis ut saepe ad qui. Repudiandae et quibusdam dolor quibusdam rerum qui adipisci.', 3, '2019-06-10 23:15:37', '2019-06-10 23:15:37'),
(281, 18, 'Enola Funk', 'Et qui eos et vitae unde. Et mollitia non distinctio quas expedita quaerat. Atque blanditiis aut ut sint.', 5, '2019-06-10 23:15:37', '2019-06-10 23:15:37'),
(282, 20, 'Marlene Kuphal', 'Occaecati et corporis fugiat dolorem rerum inventore. Et maiores autem reiciendis et. Perferendis veniam est explicabo dolor tempore est. Sunt laboriosam autem dolorem dolorem alias accusantium facilis ad.', 4, '2019-06-10 23:15:37', '2019-06-10 23:15:37'),
(283, 44, 'Sigrid Glover', 'Voluptatem deserunt nulla et fugit perspiciatis ex accusamus. Rem quis illo quia quod modi facilis. Nemo nihil et omnis vel amet. Laborum alias quisquam et quas.', 0, '2019-06-10 23:15:37', '2019-06-10 23:15:37'),
(284, 48, 'Miss Alexandra Wehner DDS', 'Dolore distinctio in sed et. Nostrum voluptatum nam voluptas est tenetur. Sint quasi aliquid et inventore. Suscipit voluptas blanditiis tempore modi.', 3, '2019-06-10 23:15:37', '2019-06-10 23:15:37'),
(285, 28, 'Kennedi Kulas', 'Assumenda quisquam magnam aliquam dolorem. Et natus sed et. Ipsa reprehenderit et eaque tempore itaque quod ea.', 2, '2019-06-10 23:15:37', '2019-06-10 23:15:37'),
(286, 42, 'Prof. Halie Bogan', 'Eius quidem illum consequatur veniam tempore magni et. Praesentium et et culpa. Perspiciatis officia quos natus aliquid quia omnis eos.', 5, '2019-06-10 23:15:37', '2019-06-10 23:15:37'),
(287, 17, 'Prof. Einar Larkin Jr.', 'Corporis voluptatem voluptates molestiae soluta debitis architecto. Dolorem optio nisi aspernatur animi vel quos. Unde aut soluta enim magni in.', 5, '2019-06-10 23:15:37', '2019-06-10 23:15:37'),
(288, 6, 'Tad Ebert', 'Nesciunt nam quaerat eum fugiat. Corrupti omnis voluptatem inventore aliquid possimus ipsum itaque. Beatae ipsum itaque debitis corporis. Eius facere voluptates dolores est.', 0, '2019-06-10 23:15:37', '2019-06-10 23:15:37'),
(289, 13, 'Gregg Weissnat', 'Delectus vero magni et repellat eum cupiditate. Ut modi quis dignissimos occaecati a itaque non. Perferendis eligendi et repellat et delectus.', 2, '2019-06-10 23:15:37', '2019-06-10 23:15:37'),
(290, 50, 'Josephine Brekke I', 'Enim in inventore et rerum animi eligendi. Voluptatem debitis temporibus sint veritatis sint et. Quis ut distinctio consequatur dolore eos odio laborum. Aut delectus repudiandae deleniti explicabo autem.', 3, '2019-06-10 23:15:37', '2019-06-10 23:15:37'),
(291, 48, 'Estel Lesch', 'Facere temporibus quae quis neque qui id distinctio. Qui expedita et quaerat aliquam quam delectus soluta.', 0, '2019-06-10 23:15:37', '2019-06-10 23:15:37'),
(292, 7, 'Prof. Tyson Cummings PhD', 'Consequatur voluptas adipisci accusantium officia qui ipsum exercitationem qui. Necessitatibus corporis fugiat soluta voluptatem. Consequatur est doloremque molestias itaque. Atque dolores similique ea est eaque.', 0, '2019-06-10 23:15:37', '2019-06-10 23:15:37'),
(293, 21, 'Evangeline Pfannerstill', 'Suscipit aut velit magnam tempora est quidem illo. Impedit inventore tempora similique veritatis a omnis quidem. Explicabo placeat adipisci doloribus voluptas dolorum. Velit veritatis quam expedita nihil aliquam qui.', 2, '2019-06-10 23:15:37', '2019-06-10 23:15:37'),
(294, 20, 'Dr. Jamel Rodriguez Jr.', 'Maxime corrupti aperiam consequatur asperiores. Unde velit inventore nihil porro consectetur eos. Exercitationem quae voluptas veniam dicta. Impedit ipsa quia atque dolorem cupiditate veniam.', 0, '2019-06-10 23:15:37', '2019-06-10 23:15:37'),
(295, 47, 'Salma Bosco', 'Vel totam asperiores autem ea aperiam explicabo. Dolores quidem nostrum et alias praesentium. Repellat consequatur blanditiis omnis voluptas ut.', 3, '2019-06-10 23:15:37', '2019-06-10 23:15:37'),
(296, 38, 'Emelia Mann', 'Molestiae similique at est officiis labore reiciendis. Quia non et commodi eligendi. Quia modi sequi aut non a soluta.', 4, '2019-06-10 23:15:37', '2019-06-10 23:15:37'),
(297, 19, 'Mr. Wilburn Reinger MD', 'Sed corrupti est et accusantium vitae. Nihil rem nihil alias dolores ad eum. Excepturi tenetur accusamus sequi voluptas dolorem.', 1, '2019-06-10 23:15:37', '2019-06-10 23:15:37'),
(298, 3, 'Erna Kunze', 'Distinctio debitis quaerat magnam non. Quo aliquid nihil sint ea et autem. Ut voluptates sint iure suscipit totam sed.', 0, '2019-06-10 23:15:37', '2019-06-10 23:15:37'),
(299, 13, 'Noe Kohler', 'Aut qui dolor sunt accusantium. Et molestiae minima omnis sed sit qui maiores. Et natus ut mollitia id in veniam et voluptas. Reiciendis animi quas ut aut nihil fuga.', 4, '2019-06-10 23:15:37', '2019-06-10 23:15:37'),
(300, 47, 'Shea Goodwin V', 'Doloremque sit repellat unde tenetur voluptas est. Ut blanditiis consequatur nobis facere et. Iusto nostrum officia sit repudiandae quam aut. Voluptas magnam natus sed.', 3, '2019-06-10 23:15:37', '2019-06-10 23:15:37');

-- --------------------------------------------------------

--
-- Table structure for table `users`
--

CREATE TABLE `users` (
  `id` bigint(20) UNSIGNED NOT NULL,
  `name` varchar(191) COLLATE utf8mb4_unicode_ci NOT NULL,
  `email` varchar(191) COLLATE utf8mb4_unicode_ci NOT NULL,
  `email_verified_at` timestamp NULL DEFAULT NULL,
  `password` varchar(191) COLLATE utf8mb4_unicode_ci NOT NULL,
  `remember_token` varchar(100) COLLATE utf8mb4_unicode_ci DEFAULT NULL,
  `created_at` timestamp NULL DEFAULT NULL,
  `updated_at` timestamp NULL DEFAULT NULL
) ENGINE=InnoDB DEFAULT CHARSET=utf8mb4 COLLATE=utf8mb4_unicode_ci;

--
-- Indexes for dumped tables
--

--
-- Indexes for table `migrations`
--
ALTER TABLE `migrations`
  ADD PRIMARY KEY (`id`);

--
-- Indexes for table `password_resets`
--
ALTER TABLE `password_resets`
  ADD KEY `password_resets_email_index` (`email`);

--
-- Indexes for table `products`
--
ALTER TABLE `products`
  ADD PRIMARY KEY (`id`);

--
-- Indexes for table `reviews`
--
ALTER TABLE `reviews`
  ADD PRIMARY KEY (`id`),
  ADD KEY `reviews_product_id_index` (`product_id`);

--
-- Indexes for table `users`
--
ALTER TABLE `users`
  ADD PRIMARY KEY (`id`),
  ADD UNIQUE KEY `users_email_unique` (`email`);

--
-- AUTO_INCREMENT for dumped tables
--

--
-- AUTO_INCREMENT for table `migrations`
--
ALTER TABLE `migrations`
  MODIFY `id` int(10) UNSIGNED NOT NULL AUTO_INCREMENT, AUTO_INCREMENT=5;

--
-- AUTO_INCREMENT for table `products`
--
ALTER TABLE `products`
  MODIFY `id` int(10) UNSIGNED NOT NULL AUTO_INCREMENT, AUTO_INCREMENT=51;

--
-- AUTO_INCREMENT for table `reviews`
--
ALTER TABLE `reviews`
  MODIFY `id` int(10) UNSIGNED NOT NULL AUTO_INCREMENT, AUTO_INCREMENT=301;

--
-- AUTO_INCREMENT for table `users`
--
ALTER TABLE `users`
  MODIFY `id` bigint(20) UNSIGNED NOT NULL AUTO_INCREMENT;

--
-- Constraints for dumped tables
--

--
-- Constraints for table `reviews`
--
ALTER TABLE `reviews`
  ADD CONSTRAINT `reviews_product_id_foreign` FOREIGN KEY (`product_id`) REFERENCES `products` (`id`) ON DELETE CASCADE;
COMMIT;

/*!40101 SET CHARACTER_SET_CLIENT=@OLD_CHARACTER_SET_CLIENT */;
/*!40101 SET CHARACTER_SET_RESULTS=@OLD_CHARACTER_SET_RESULTS */;
/*!40101 SET COLLATION_CONNECTION=@OLD_COLLATION_CONNECTION */;
